Locality,MinPrice,MaxPrice,AvgRent,HouseType,BHK,Locality_encoded,locality_bhk_mean,locality_bhk_std,zscore,overpriced_flag,predicted_rent,fairness_score,verdict,locality_mean,locality_std,display_score
HSR Layout,5000.0,19300.0,12647.22,1BHK,1,69,12647.22,0.0,0.022908826657714543,False,11058.751080571019,85.5,✅ Fair Price,12461.943333333335,8087.566833296237,85.5
HSR Layout,12000.0,40000.0,20455.28,2BHK,2,69,20455.28,0.0,0.9883487619240895,False,19454.96384093474,89.9,✅ Fair Price,12461.943333333335,8087.566833296237,89.9
HSR Layout,18000.0,85000.0,4283.33,3BHK,3,69,4283.33,0.0,-1.0112575885818047,False,27851.17660129846,100.0,✅ Fair Price,12461.943333333335,8087.566833296237,100.0
Whitefield,4500.0,20000.0,1076.46,1BHK,1,208,1076.46,0.0,-0.6530699269605368,False,8980.296366780189,100.0,✅ Fair Price,7358.966666666667,9619.960141031424,100.0
Whitefield,7500.0,50000.0,18433.77,2BHK,2,208,18433.77,0.0,1.151231727675945,True,17376.50912714391,88.2,✅ Fair Price,7358.966666666667,9619.960141031424,88.2
Whitefield,20000.0,29800.0,2566.67,3BHK,3,208,2566.67,0.0,-0.4981618007154082,False,25772.72188750762,100.0,✅ Fair Price,7358.966666666667,9619.960141031424,100.0
Krishnarajapura,3000.0,10900.0,7466.96,1BHK,1,130,7466.96,0.0,-1.116200117490164,False,10146.623472360654,100.0,✅ Fair Price,15494.556666666665,7191.8973496590825,100.0
Krishnarajapura,5200.0,,17666.71,2BHK,2,130,17666.71,0.0,0.3020278554777065,False,18542.836232724374,98.5,✅ Fair Price,15494.556666666665,7191.8973496590825,98.5
Krishnarajapura,12000.0,34400.0,21350.0,3BHK,3,130,21350.0,0.0,0.8141722620124577,False,26939.048993088094,95.9,✅ Fair Price,15494.556666666665,7191.8973496590825,95.9
Sarjapur,5000.0,,5000.0,1BHK,1,183,5000.0,0.0,-1.0276911853413173,False,9354.119157030338,100.0,✅ Fair Price,10916.666666666666,5757.241816471958,100.0
Sarjapur,10500.0,12000.0,11250.0,2BHK,2,183,11250.0,0.0,0.057898094948806725,False,17750.331917394054,99.7,✅ Fair Price,10916.666666666666,5757.241816471958,99.7
Sarjapur,16500.0,,16500.0,3BHK,3,183,16500.0,0.0,0.9697930903925109,False,26146.544677757774,95.2,✅ Fair Price,10916.666666666666,5757.241816471958,95.2
Whitefield Hope Farm Junction,11000.0,12000.0,11375.0,1BHK,1,209,11375.0,0.0,-0.44204404400609376,False,8965.343455170181,73.1,⚠️ Slightly High,18791.666666666668,16778.11694837455,73.1
Whitefield Hope Farm Junction,7000.0,,7000.0,2BHK,2,209,7000.0,0.0,-0.7028003620995761,False,17361.5562155339,100.0,✅ Fair Price,18791.666666666668,16778.11694837455,100.0
Whitefield Hope Farm Junction,38000.0,,38000.0,3BHK,3,209,38000.0,0.0,1.1448444061056695,True,25757.76897589762,46.7,🔶 Overpriced,18791.666666666668,16778.11694837455,46.7
Begur,3000.0,12950.0,8409.38,1BHK,1,22,8409.38,0.0,-0.8382962583219276,False,11761.5379262413,100.0,✅ Fair Price,14133.96,6828.8268534793015,100.0
Begur,7000.0,17000.0,12300.0,2BHK,2,22,12300.0,0.0,-0.26856150248788235,False,20157.750686605017,100.0,✅ Fair Price,14133.96,6828.8268534793015,100.0
Begur,19000.0,25000.0,21692.5,3BHK,3,22,21692.5,0.0,1.10685776080981,True,28553.963446968737,94.5,✅ Fair Price,14133.96,6828.8268534793015,94.5
Thanisandra,5500.0,13600.0,9933.33,1BHK,1,198,9933.33,0.0,-0.8252610012508629,False,9129.825482880247,91.2,✅ Fair Price,13976.586666666668,4899.367182670975,91.2
Thanisandra,8000.0,16000.0,12571.43,2BHK,2,198,12571.43,0.0,-0.28680370633103314,False,17526.038243243966,100.0,✅ Fair Price,13976.586666666668,4899.367182670975,100.0
Thanisandra,17000.0,24700.0,19425.0,3BHK,3,198,19425.0,0.0,1.1120647075818952,True,25922.251003607686,94.4,✅ Fair Price,13976.586666666668,4899.367182670975,94.4
Yelahanka,5000.0,10000.0,7412.5,1BHK,1,211,7412.5,0.0,-0.8274033667615873,False,8935.43763195017,100.0,✅ Fair Price,13851.786666666667,7782.52412951822,100.0
Yelahanka,8500.0,20000.0,11642.86,2BHK,2,211,11642.86,0.0,-0.28383165023394674,False,17331.650392313888,100.0,✅ Fair Price,13851.786666666667,7782.52412951822,100.0
Yelahanka,20000.0,25000.0,22500.0,3BHK,3,211,22500.0,0.0,1.111235016995534,True,25727.863152677608,94.4,✅ Fair Price,13851.786666666667,7782.52412951822,94.4
Varthur,3500.0,13000.0,7528.57,1BHK,1,204,7528.57,0.0,-0.7952202914343826,False,9040.108013220211,100.0,✅ Fair Price,14219.94,8414.485988442786,100.0
Varthur,7500.0,20000.0,11464.58,2BHK,2,204,11464.58,0.0,-0.32745434525465494,False,17436.32077358393,100.0,✅ Fair Price,14219.94,8414.485988442786,100.0
Varthur,20000.0,26250.0,23666.67,3BHK,3,204,23666.67,0.0,1.122674636689037,True,25832.53353394765,94.4,✅ Fair Price,14219.94,8414.485988442786,94.4
Electronic City Phase 1,8500.0,9000.0,8750.0,1BHK,1,58,8750.0,0.0,-0.8876195476708447,False,11223.233108281085,100.0,✅ Fair Price,25750.0,19152.349725294804,100.0
Electronic City Phase 1,22000.0,,22000.0,2BHK,2,58,22000.0,0.0,-0.19579842963327457,False,19619.445868644805,87.9,✅ Fair Price,25750.0,19152.349725294804,87.9
Electronic City Phase 1,43000.0,50000.0,46500.0,3BHK,3,58,46500.0,0.0,1.0834179773041193,True,28015.658629008525,28.6,🚨 Significantly Overpriced,25750.0,19152.349725294804,28.6
Electronics City,4000.0,12100.0,8710.17,1BHK,1,60,8710.17,0.0,-0.7394426051201903,False,11193.327285061074,100.0,✅ Fair Price,16135.153333333334,10041.324751806076,100.0
Electronics City,8100.0,19000.0,12135.29,2BHK,2,60,12135.29,0.0,-0.39834020233375084,False,19589.540045424794,100.0,✅ Fair Price,16135.153333333334,10041.324751806076,100.0
Electronics City,16000.0,37000.0,27560.0,3BHK,3,60,27560.0,0.0,1.1377828074539411,True,27985.752805788514,94.3,✅ Fair Price,16135.153333333334,10041.324751806076,94.3
Devanahalli,6999.0,,6999.0,1BHK,1,46,6999.0,0.0,-1.1547005383792515,False,11402.668047601157,100.0,✅ Fair Price,22333.0,13279.633541630583,100.0
Devanahalli,30000.0,,30000.0,2BHK,2,46,30000.0,0.0,0.5773502691896257,False,19798.880807964873,45.6,🔶 Overpriced,22333.0,13279.633541630583,45.6
Devanahalli,30000.0,,30000.0,3BHK,3,46,30000.0,0.0,0.5773502691896257,False,28195.093568328593,90.7,✅ Fair Price,22333.0,13279.633541630583,90.7
Marsur,7500.0,,7500.0,1BHK,1,143,7500.0,0.0,-0.7198445782822267,False,9952.235621430576,100.0,✅ Fair Price,12333.333333333334,6714.412359494562,100.0
Marsur,9000.0,10000.0,9500.0,2BHK,2,143,9500.0,0.0,-0.4219778562344088,False,18348.448381794296,100.0,✅ Fair Price,12333.333333333334,6714.412359494562,100.0
Marsur,20000.0,,20000.0,3BHK,3,143,20000.0,0.0,1.1418224345166352,True,26744.661142158016,94.3,✅ Fair Price,12333.333333333334,6714.412359494562,94.3
BTM Layout,4000.0,17000.0,9669.28,1BHK,1,11,9669.28,0.0,-0.8817646537943574,False,11926.019953951367,100.0,✅ Fair Price,17881.126666666667,9312.968751162722,100.0
BTM Layout,8000.0,30000.0,15974.1,2BHK,2,11,15974.1,0.0,-0.20477107972992767,False,20322.232714315083,100.0,✅ Fair Price,17881.126666666667,9312.968751162722,100.0
BTM Layout,19000.0,37000.0,28000.0,3BHK,3,11,28000.0,0.0,1.0865357335242851,True,28718.445474678803,94.6,✅ Fair Price,17881.126666666667,9312.968751162722,94.6
Chandapura,4500.0,7300.0,6060.0,1BHK,1,36,6060.0,0.0,-0.8552222702366122,False,11552.197163701218,100.0,✅ Fair Price,10408.89,5085.099103881851,100.0
Chandapura,7000.0,12000.0,9166.67,2BHK,2,36,9166.67,0.0,-0.2442862911072306,False,19948.409924064938,100.0,✅ Fair Price,10408.89,5085.099103881851,100.0
Chandapura,16000.0,,16000.0,3BHK,3,36,16000.0,0.0,1.0995085613438433,True,28344.622684428658,94.5,✅ Fair Price,10408.89,5085.099103881851,94.5
Koramangala,3500.0,25000.0,11340.0,1BHK,1,128,11340.0,0.0,-0.7710857450566939,False,10176.529295580667,88.6,✅ Fair Price,31807.77666666667,26544.099405133966,88.6
Koramangala,12000.0,50000.0,22283.33,2BHK,2,128,22283.33,0.0,-0.35881596588748904,False,18572.742055944385,80.0,✅ Fair Price,31807.77666666667,26544.099405133966,80.0
Koramangala,23000.0,,61800.0,3BHK,3,128,61800.0,0.0,1.1299017109441827,True,26968.954816308105,-34.8,🚨 Significantly Overpriced,31807.77666666667,26544.099405133966,0.0
Bellandur,7000.0,18000.0,11407.69,1BHK,1,23,11407.69,0.0,-0.6801512488089414,False,11746.585014631295,100.0,✅ Fair Price,44364.46666666667,48455.0704337888,100.0
Bellandur,10500.0,30000.0,21685.71,2BHK,2,23,21685.71,0.0,-0.46803681149645515,False,20142.797774995015,92.3,✅ Fair Price,44364.46666666667,48455.0704337888,92.3
Bellandur,,,100000.0,3BHK,3,23,100000.0,0.0,1.1481880603053964,True,28539.010535358735,-156.1,🚨 Significantly Overpriced,44364.46666666667,48455.0704337888,0.0
Marathahalli,5000.0,15500.0,8961.54,1BHK,1,141,8961.54,0.0,-0.9687977845969661,False,9982.141444650588,100.0,✅ Fair Price,16377.18,7654.476628561876,100.0
Marathahalli,8000.0,25200.0,15920.0,2BHK,2,141,15920.0,0.0,-0.059727140363076046,False,18378.354205014308,100.0,✅ Fair Price,16377.18,7654.476628561876,100.0
Marathahalli,12000.0,30000.0,24250.0,3BHK,3,141,24250.0,0.0,1.028524924960042,True,26774.566965378028,94.9,✅ Fair Price,16377.18,7654.476628561876,94.9
Indira Nagar,6000.0,22000.0,12704.23,1BHK,1,81,12704.23,0.0,-0.8152246412431358,False,10879.316141250947,83.2,✅ Fair Price,26139.8,16480.81929848453,83.2
Indira Nagar,12000.0,45000.0,21185.76,2BHK,2,81,21185.76,0.0,-0.3005942793423833,False,19275.528901614663,90.1,✅ Fair Price,26139.8,16480.81929848453,90.1
Indira Nagar,24000.0,75000.0,44529.41,3BHK,3,81,44529.41,0.0,1.1158189205855193,True,27671.741661978383,33.5,🚨 Significantly Overpriced,26139.8,16480.81929848453,33.5
J. P. Nagar,3300.0,20000.0,9482.02,1BHK,1,83,9482.02,0.0,-0.9225936745560818,False,10849.410318030936,100.0,✅ Fair Price,18311.593333333334,9570.381389815837,100.0
J. P. Nagar,9000.0,29000.0,16971.28,2BHK,2,83,16971.28,0.0,-0.14004805856113609,False,19245.623078394652,100.0,✅ Fair Price,18311.593333333334,9570.381389815837,100.0
J. P. Nagar,14000.0,54000.0,28481.48,3BHK,3,83,28481.48,0.0,1.0626417331172175,True,27641.835838758372,91.6,✅ Fair Price,18311.593333333334,9570.381389815837,91.6
Subramanyapura,3500.0,12000.0,7361.11,1BHK,1,194,7361.11,0.0,-0.9820469196241522,False,9189.637129320272,100.0,✅ Fair Price,13078.703333333333,5822.11829096879,100.0
Subramanyapura,10000.0,16500.0,12875.0,2BHK,2,194,12875.0,0.0,-0.03498783830093515,False,17585.84988968399,100.0,✅ Fair Price,13078.703333333333,5822.11829096879,100.0
Subramanyapura,15000.0,23000.0,19000.0,3BHK,3,194,19000.0,0.0,1.0170347579250876,True,25982.06265004771,94.9,✅ Fair Price,13078.703333333333,5822.11829096879,94.9
Mahadevapura,4500.0,17500.0,10478.81,1BHK,1,137,10478.81,0.0,-0.7339371920361387,False,10041.953091090612,95.6,✅ Fair Price,24006.573333333334,18431.772473341607,95.6
Mahadevapura,8500.0,26400.0,16540.91,2BHK,2,137,16540.91,0.0,-0.40504315817326486,False,18438.16585145433,100.0,✅ Fair Price,24006.573333333334,18431.772473341607,100.0
Mahadevapura,45000.0,,45000.0,3BHK,3,137,45000.0,0.0,1.1389803502094034,True,26834.37861181805,26.6,🚨 Significantly Overpriced,24006.573333333334,18431.772473341607,26.6
Electronic City Phase 2,8500.0,,8500.0,1BHK,1,59,8500.0,0.0,-0.8728715609439693,False,11208.28019667108,100.0,✅ Fair Price,13166.666666666666,5346.338310781814,100.0
Electronic City Phase 2,12000.0,,12000.0,2BHK,2,59,12000.0,0.0,-0.21821789023599225,False,19604.492957034796,100.0,✅ Fair Price,13166.666666666666,5346.338310781814,100.0
Electronic City Phase 2,19000.0,,19000.0,3BHK,3,59,19000.0,0.0,1.091089451179962,True,28000.705717398516,94.5,✅ Fair Price,13166.666666666666,5346.338310781814,94.5
Jakkur,7200.0,10800.0,8916.67,1BHK,1,90,8916.67,0.0,-0.9132893773588725,False,10744.739936760894,100.0,✅ Fair Price,17250.0,9124.52307733944,100.0
Jakkur,14000.0,18000.0,15833.33,2BHK,2,90,15833.33,0.0,-0.1552596215706079,False,19140.952697124612,100.0,✅ Fair Price,17250.0,9124.52307733944,100.0
Jakkur,27000.0,,27000.0,3BHK,3,90,27000.0,0.0,1.0685489989294803,True,27537.16545748833,94.7,✅ Fair Price,17250.0,9124.52307733944,94.7
Budigere Cross,12000.0,19000.0,16760.0,1BHK,1,30,16760.0,0.0,-0.7636264624706679,False,11641.914633361253,56.0,🔶 Overpriced,26793.74,13139.591794051288,56.0
Budigere Cross,14000.0,40000.0,21954.55,2BHK,2,30,21954.55,0.0,-0.3682907411317647,False,20038.12739372497,90.4,✅ Fair Price,26793.74,13139.591794051288,90.4
Budigere Cross,40000.0,42500.0,41666.67,3BHK,3,30,41666.67,0.0,1.131917203602432,True,28434.34015408869,47.8,🔶 Overpriced,26793.74,13139.591794051288,47.8
Hebbal,5500.0,12500.0,8733.33,1BHK,1,72,8733.33,0.0,-0.9130673274327895,False,11013.892345741002,100.0,✅ Fair Price,15767.25,7703.615920390891,100.0
Hebbal,9500.0,30000.0,14568.42,2BHK,2,72,14568.42,0.0,-0.15561912904130998,False,19410.10510610472,100.0,✅ Fair Price,15767.25,7703.615920390891,100.0
Hebbal,19500.0,32500.0,24000.0,3BHK,3,72,24000.0,0.0,1.0686864564740994,True,27806.31786646844,94.7,✅ Fair Price,15767.25,7703.615920390891,94.7
Horamavu,5000.0,12000.0,8352.38,1BHK,1,75,8352.38,0.0,-0.9557122726028732,False,10969.033610910985,100.0,✅ Fair Price,18093.063333333335,10192.066809819946,100.0
Horamavu,8000.0,65000.0,17243.48,2BHK,2,75,17243.48,0.0,-0.08335731595820893,False,19365.246371274705,100.0,✅ Fair Price,18093.063333333335,10192.066809819946,100.0
Horamavu,18000.0,40000.0,28683.33,3BHK,3,75,28683.33,0.0,1.0390695885610817,True,27761.459131638418,91.5,✅ Fair Price,18093.063333333335,10192.066809819946,91.5
Ramamurthy Nagar,4500.0,20000.0,8820.45,1BHK,1,173,8820.45,0.0,-0.9044047695133933,False,9503.648273130397,100.0,✅ Fair Price,14845.556666666665,6661.958085325466,100.0
Ramamurthy Nagar,7000.0,20000.0,13716.22,2BHK,2,173,13716.22,0.0,-0.16952022996876798,False,17899.861033494115,100.0,✅ Fair Price,14845.556666666665,6661.958085325466,100.0
Ramamurthy Nagar,22000.0,,22000.0,3BHK,3,173,22000.0,0.0,1.0739249994821618,True,26296.07379385783,94.6,✅ Fair Price,14845.556666666665,6661.958085325466,94.6
Rajajinagar,4000.0,16500.0,9218.18,1BHK,1,171,9218.18,0.0,-1.008780072936289,False,9533.55409635041,100.0,✅ Fair Price,17362.756666666668,8073.68908761251,100.0
Rajajinagar,11000.0,24000.0,17506.45,2BHK,2,171,17506.45,0.0,0.017797729361885128,False,17929.76685671413,99.9,✅ Fair Price,17362.756666666668,8073.68908761251,99.9
Rajajinagar,15500.0,38000.0,25363.64,3BHK,3,171,25363.64,0.0,0.9909823435744034,False,26325.979617077843,95.0,✅ Fair Price,17362.756666666668,8073.68908761251,95.0
Harlur,8000.0,13000.0,11285.71,1BHK,1,71,11285.71,0.0,-0.7593734503498636,False,11028.845257351008,97.7,✅ Fair Price,24011.903333333332,16758.80731341086,97.7
Harlur,8000.0,25000.0,17750.0,2BHK,2,71,17750.0,0.0,-0.3736485070940809,False,19425.058017714728,100.0,✅ Fair Price,24011.903333333332,16758.80731341086,100.0
Harlur,43000.0,,43000.0,3BHK,3,71,43000.0,0.0,1.1330219574439446,True,27821.270778078448,39.8,🚨 Significantly Overpriced,24011.903333333332,16758.80731341086,39.8
Banashankari,4800.0,40000.0,9395.92,1BHK,1,13,9395.92,0.0,-0.8481634284650089,False,11896.114130731356,100.0,✅ Fair Price,15106.803333333335,6733.2345886084595,100.0
Banashankari,7000.0,25000.0,13393.24,2BHK,2,13,13393.24,0.0,-0.2544933361199692,False,20292.326891095072,100.0,✅ Fair Price,15106.803333333335,6733.2345886084595,100.0
Banashankari,12000.0,53000.0,22531.25,3BHK,3,13,22531.25,0.0,1.1026567645849774,True,28688.539651458792,94.5,✅ Fair Price,15106.803333333335,6733.2345886084595,94.5
Murugeshpalya,6000.0,18000.0,10385.54,1BHK,1,150,10385.54,0.0,-0.9229100888681471,False,9847.565240160535,94.5,✅ Fair Price,16714.373333333333,6857.475511070625,94.5
Murugeshpalya,9000.0,22000.0,15757.58,2BHK,2,150,15757.58,0.0,-0.13952559244122675,False,18243.778000524253,100.0,✅ Fair Price,16714.373333333333,6857.475511070625,100.0
Murugeshpalya,19000.0,35000.0,24000.0,3BHK,3,150,24000.0,0.0,1.062435681309374,True,26639.990760887973,94.7,✅ Fair Price,16714.373333333333,6857.475511070625,94.7
RR Nagar,3000.0,12000.0,8276.32,1BHK,1,169,8276.32,0.0,-1.0228472639307802,False,9563.459919570421,100.0,✅ Fair Price,16456.786666666667,7997.740185792069,100.0
RR Nagar,10000.0,30000.0,16835.71,2BHK,2,169,16835.71,0.0,0.047378800077362726,False,17959.67267993414,99.8,✅ Fair Price,16456.786666666667,7997.740185792069,99.8
RR Nagar,15000.0,35000.0,24258.33,3BHK,3,169,24258.33,0.0,0.9754684638534175,False,26355.88544029786,95.1,✅ Fair Price,16456.786666666667,7997.740185792069,95.1
Banaswadi,7000.0,15000.0,10544.44,1BHK,1,15,10544.44,0.0,-0.9634006616467841,False,11866.208307511344,100.0,✅ Fair Price,18340.74,8092.479391360844,100.0
Banaswadi,10000.0,28000.0,17777.78,2BHK,2,15,17777.78,0.0,-0.06956582436292551,False,20262.42106787506,100.0,✅ Fair Price,18340.74,8092.479391360844,100.0
Banaswadi,18000.0,35000.0,26700.0,3BHK,3,15,26700.0,0.0,1.032966486009709,True,28658.63382823878,94.8,✅ Fair Price,18340.74,8092.479391360844,94.8
Narayanapura on Hennur Main Road,10000.0,,10000.0,1BHK,1,157,10000.0,0.0,-1.0983584808531275,False,9742.894858890493,97.4,✅ Fair Price,21717.466666666664,10668.162417761241,97.4
Narayanapura on Hennur Main Road,15000.0,35000.0,24284.48,2BHK,2,157,24284.48,0.0,0.24062375813284953,False,18139.10761925421,64.9,⚠️ Slightly High,21717.466666666664,10668.162417761241,64.9
Narayanapura on Hennur Main Road,18500.0,50000.0,30867.92,3BHK,3,157,30867.92,0.0,0.8577347227202785,False,26535.32037961793,79.4,⚠️ Slightly High,21717.466666666664,10668.162417761241,79.4
Chamrajpet,6000.0,,6000.0,1BHK,1,35,6000.0,0.0,-1.0910894511799618,False,11567.150075311223,100.0,✅ Fair Price,12666.666666666666,6110.100926607787,100.0
Chamrajpet,14000.0,,14000.0,2BHK,2,35,14000.0,0.0,0.21821789023599247,False,19963.36283567494,98.9,✅ Fair Price,12666.666666666666,6110.100926607787,98.9
Chamrajpet,18000.0,,18000.0,3BHK,3,35,18000.0,0.0,0.8728715609439696,False,28359.57559603866,95.6,✅ Fair Price,12666.666666666666,6110.100926607787,95.6
Vidyaranyapura,3500.0,16000.0,7333.33,1BHK,1,206,7333.33,0.0,-0.8407020808857053,False,9010.2021900002,100.0,✅ Fair Price,12660.0,6335.9781319777285,100.0
Vidyaranyapura,6200.0,16000.0,10980.0,2BHK,2,206,10980.0,0.0,-0.26515243029659896,False,17406.41495036392,100.0,✅ Fair Price,12660.0,6335.9781319777285,100.0
Vidyaranyapura,16000.0,27000.0,19666.67,3BHK,3,206,19666.67,0.0,1.105854511182304,True,25802.627710727633,94.5,✅ Fair Price,12660.0,6335.9781319777285,94.5
Jayanagar,5000.0,13000.0,8275.0,1BHK,1,94,8275.0,0.0,-1.1348591258046663,False,10684.92829032087,100.0,✅ Fair Price,17131.350000000002,7803.920150635833,100.0
Jayanagar,12000.0,32000.0,20119.05,2BHK,2,94,20119.05,0.0,0.38284604946355977,False,19081.141050684586,92.6,✅ Fair Price,17131.350000000002,7803.920150635833,92.6
Jayanagar,20000.0,27000.0,23000.0,3BHK,3,94,23000.0,0.0,0.7520130763411057,False,27477.353811048306,96.2,✅ Fair Price,17131.350000000002,7803.920150635833,96.2
CV Raman Nagar,5000.0,16000.0,10619.05,1BHK,1,32,10619.05,0.0,-1.0063672926463116,False,11612.00881014124,100.0,✅ Fair Price,15339.683333333334,4690.765854403025,100.0
CV Raman Nagar,10000.0,20000.0,15400.0,2BHK,2,32,15400.0,0.0,0.012858596770514345,False,20008.22157050496,99.9,✅ Fair Price,15339.683333333334,4690.765854403025,99.9
CV Raman Nagar,20000.0,,20000.0,3BHK,3,32,20000.0,0.0,0.9935086958757966,False,28404.43433086868,95.0,✅ Fair Price,15339.683333333334,4690.765854403025,95.0
Bommanahalli,4450.0,13500.0,9807.64,1BHK,1,27,9263.195,769.9615029662193,-0.8181108124222565,False,11686.773368191272,100.0,✅ Fair Price,17093.683333333334,8905.93697418675,100.0
Bommanahalli,8500.0,20000.0,15219.04,2BHK,2,27,15067.855,213.8078774273763,-0.2104936671758243,False,20082.986128554992,100.0,✅ Fair Price,17093.683333333334,8905.93697418675,100.0
Bommanahalli,32900.0,,32900.0,3BHK,3,27,26950.0,8414.570696119916,1.7748067061871418,True,28479.198888918705,75.6,⚠️ Slightly High,17093.683333333334,8905.93697418675,75.6
Talaghattapura,7000.0,,7000.0,1BHK,1,197,7000.0,0.0,-0.8902439181074226,False,9144.778394490253,100.0,✅ Fair Price,12416.666666666666,6084.4747787572705,100.0
Talaghattapura,9500.0,13000.0,11250.0,2BHK,2,197,11250.0,0.0,-0.1917448439000602,False,17540.99115485397,100.0,✅ Fair Price,12416.666666666666,6084.4747787572705,100.0
Talaghattapura,18000.0,20000.0,19000.0,3BHK,3,197,19000.0,0.0,1.081988762007483,True,25937.203915217688,94.6,✅ Fair Price,12416.666666666666,6084.4747787572705,94.6
Sarjapur Road Post Railway Crossing,18500.0,32000.0,24125.0,1BHK,1,185,24125.0,0.0,-0.3145032807750345,False,9324.213333810325,-58.7,🚨 Significantly Overpriced,32541.666666666668,26761.777002533545,0.0
Sarjapur Road Post Railway Crossing,11000.0,,11000.0,2BHK,2,185,11000.0,0.0,-0.8049415651519446,False,17720.426094174043,100.0,✅ Fair Price,32541.666666666668,26761.777002533545,100.0
Sarjapur Road Post Railway Crossing,50000.0,75000.0,62500.0,3BHK,3,185,62500.0,0.0,1.119444845926979,True,26116.638854537763,-44.9,🚨 Significantly Overpriced,32541.666666666668,26761.777002533545,0.0
Kannur on Thanisandra Main Road,8500.0,,8500.0,1BHK,1,114,8500.0,0.0,-0.38116399140233576,False,10385.87005812075,100.0,✅ Fair Price,14899.506666666668,16789.378878950032,100.0
Kannur on Thanisandra Main Road,13100.0,35000.0,2250.98,2BHK,2,114,2250.98,0.0,-0.7533647764971801,False,18782.08281848447,100.0,✅ Fair Price,14899.506666666668,16789.378878950032,100.0
Kannur on Thanisandra Main Road,17000.0,,33947.54,3BHK,3,114,33947.54,0.0,1.1345287678995157,True,27178.295578848185,69.4,⚠️ Slightly High,14899.506666666668,16789.378878950032,69.4
Hennur,4000.0,13600.0,10215.38,1BHK,1,73,10215.38,0.0,-0.8906317974617876,False,10998.939434130996,100.0,✅ Fair Price,15085.126666666665,5467.743999871734,100.0
Hennur,10000.0,25000.0,14040.0,2BHK,2,73,14040.0,0.0,-0.19114403795993057,False,19395.152194494716,100.0,✅ Fair Price,15085.126666666665,5467.743999871734,100.0
Hennur,16000.0,27000.0,21000.0,3BHK,3,73,21000.0,0.0,1.0817758354217188,True,27791.36495485843,94.6,✅ Fair Price,15085.126666666665,5467.743999871734,94.6
Kasavanahalli,4000.0,19000.0,14296.3,1BHK,1,116,14296.3,0.0,-0.7440628036506206,False,10355.964234900739,62.0,⚠️ Slightly High,21201.146666666667,9279.924534312406,62.0
Kasavanahalli,13500.0,21500.0,17557.14,2BHK,2,116,17557.14,0.0,-0.39267632545857445,False,18752.176995264457,100.0,✅ Fair Price,21201.146666666667,9279.924534312406,100.0
Kasavanahalli,30000.0,33500.0,31750.0,3BHK,3,116,31750.0,0.0,1.1367391291091946,True,27148.389755628174,77.4,⚠️ Slightly High,21201.146666666667,9279.924534312406,77.4
Kalyan Nagar,4000.0,15000.0,8866.67,1BHK,1,107,8866.67,0.0,-0.904811154534888,False,10490.540439390792,100.0,✅ Fair Price,21679.916666666668,14161.238621393024,100.0
Kalyan Nagar,14000.0,25000.0,19288.46,2BHK,2,107,19288.46,0.0,-0.16887341076605797,False,18886.75319975451,97.9,✅ Fair Price,21679.916666666668,14161.238621393024,97.9
Kalyan Nagar,21000.0,50000.0,36884.62,3BHK,3,107,36884.62,0.0,1.073684565300946,True,27282.96596011823,59.4,🔶 Overpriced,21679.916666666668,14161.238621393024,59.4
Dasarahalli on Tumkur Road,5500.0,,5500.0,2BHK,2,45,5500.0,0.0,-0.7446597270051196,False,19813.833719574883,100.0,✅ Fair Price,13832.222,11189.3012309268,100.0
Dasarahalli on Tumkur Road,20000.0,30000.0,25550.0,3BHK,3,45,26080.555,750.3180765848579,1.0472305426555601,True,28210.046479938603,94.8,✅ Fair Price,13832.222,11189.3012309268,94.8
Nagarbhavi,6000.0,8000.0,7000.0,1BHK,1,152,7000.0,0.0,-0.8277486209486158,False,9817.659416940523,100.0,✅ Fair Price,15172.62,9873.311526190188,100.0
Nagarbhavi,7000.0,20000.0,12375.0,2BHK,2,152,12375.0,0.0,-0.2833517399485437,False,18213.87217730424,100.0,✅ Fair Price,15172.62,9873.311526190188,100.0
Nagarbhavi,15000.0,30000.0,26142.86,3BHK,3,152,26142.86,0.0,1.1111003608971592,True,26610.08493766796,94.4,✅ Fair Price,15172.62,9873.311526190188,94.4
Brookefield,7000.0,21000.0,14145.45,1BHK,1,29,14145.45,0.0,-0.8561195116466221,False,11656.86754497126,78.7,⚠️ Slightly High,22984.99,10325.12386383815,78.7
Brookefield,13000.0,30000.0,20476.19,2BHK,2,29,20476.19,0.0,-0.24298013593683018,False,20053.080305334977,97.9,✅ Fair Price,22984.99,10325.12386383815,97.9
Brookefield,24000.0,45000.0,34333.33,3BHK,3,29,34333.33,0.0,1.099099647583452,True,28449.293065698694,73.8,⚠️ Slightly High,22984.99,10325.12386383815,73.8
Hoskote,5500.0,6500.0,6075.0,1BHK,1,78,6112.5,53.033008588991066,-0.9787631134867099,False,10924.174876080966,100.0,✅ Fair Price,10843.055,4871.510720315619,100.0
Hoskote,9500.0,,9500.0,2BHK,2,78,9750.0,353.5533905932738,-0.27569579071212336,False,19320.387636444684,100.0,✅ Fair Price,10843.055,4871.510720315619,100.0
Hoskote,15000.0,21000.0,18000.0,3BHK,3,78,16666.665,1885.6204401867315,1.4691428205532737,True,27716.600396808404,92.7,✅ Fair Price,10843.055,4871.510720315619,92.7
JP Nagar Phase 7,8000.0,,8000.0,1BHK,1,87,8500.0,707.1067811865476,-0.9788727638441068,False,10789.598671590913,100.0,✅ Fair Price,19680.521666666667,11932.625054145323,100.0
JP Nagar Phase 7,13000.0,18500.0,16100.0,2BHK,2,87,16100.0,0.0,-0.30006152463684554,False,19185.81143195463,100.0,✅ Fair Price,19680.521666666667,11932.625054145323,100.0
JP Nagar Phase 7,16000.0,48000.0,34362.5,3BHK,3,87,34441.565,111.81479530902433,1.230406408205452,True,27582.02419231835,69.3,⚠️ Slightly High,19680.521666666667,11932.625054145323,69.3
Hosa Road,9500.0,20000.0,13833.33,1BHK,1,76,13833.33,0.0,-0.48040298700256434,False,10954.08069930098,73.7,⚠️ Slightly High,17227.053333333333,7064.326045323315,73.7
Hosa Road,12500.0,,12500.0,2BHK,2,76,12500.0,0.0,-0.6691442754773061,False,19350.293459664696,100.0,✅ Fair Price,17227.053333333333,7064.326045323315,100.0
Hosa Road,15000.0,38000.0,25347.83,3BHK,3,76,25347.83,0.0,1.1495472624798708,True,27746.506220028416,94.3,✅ Fair Price,17227.053333333333,7064.326045323315,94.3
Hulimavu,6000.0,27000.0,10300.0,1BHK,1,79,5681.25,6531.8988912107325,-0.4977640406307664,False,10909.22196447096,100.0,✅ Fair Price,13961.288333333336,7355.469729580611,100.0
Hulimavu,11000.0,17800.0,14810.0,2BHK,2,79,15869.285,1498.0552134183838,0.11538510766396093,False,19305.43472483468,99.4,✅ Fair Price,13961.288333333336,7355.469729580611,99.4
Hulimavu,17000.0,24000.0,20333.33,3BHK,3,79,20333.33,0.0,0.8662997607129005,False,27701.647485198395,95.7,✅ Fair Price,13961.288333333336,7355.469729580611,95.7
Gottigere,6500.0,15000.0,1062.38,1BHK,1,66,1062.38,0.0,-1.0218081671129324,False,11103.609815401038,100.0,✅ Fair Price,11154.126666666669,9876.361328350302,100.0
Gottigere,8000.0,18000.0,11600.0,2BHK,2,66,11600.0,0.0,0.045145506377277066,False,19499.822575764756,99.8,✅ Fair Price,11154.126666666669,9876.361328350302,99.8
Gottigere,13000.0,40000.0,20800.0,3BHK,3,66,20800.0,0.0,0.9766626607356548,False,27896.035336128472,95.1,✅ Fair Price,11154.126666666669,9876.361328350302,95.1
Jigani,6000.0,9500.0,7700.0,1BHK,1,96,7700.0,0.0,-0.8006407690254357,False,10655.022467100858,100.0,✅ Fair Price,12825.0,6401.122948358358,100.0
Jigani,8200.0,14000.0,10775.0,2BHK,2,96,10775.0,0.0,-0.32025630761017426,False,19051.235227464575,100.0,✅ Fair Price,12825.0,6401.122948358358,100.0
Jigani,20000.0,,20000.0,3BHK,3,96,20000.0,0.0,1.12089707663561,True,27447.447987828295,94.4,✅ Fair Price,12825.0,6401.122948358358,94.4
Dasarahalli on Tumkur Road,6000.0,,6000.0,1BHK,1,45,6000.0,0.0,-0.6999741841208134,False,11417.620959211163,100.0,✅ Fair Price,13832.222,11189.3012309268,100.0
Dasarahalli on Tumkur Road,5500.0,,5500.0,2BHK,2,45,5500.0,0.0,-0.7446597270051196,False,19813.833719574883,100.0,✅ Fair Price,13832.222,11189.3012309268,100.0
Dasarahalli on Tumkur Road,22500.0,45000.0,26611.11,3BHK,3,45,26080.555,750.3180765848579,1.1420630954754927,True,28210.046479938603,94.3,✅ Fair Price,13832.222,11189.3012309268,94.3
Kaggadasapura,5000.0,14000.0,8278.22,1BHK,1,106,8278.22,0.0,-1.1449193938725857,False,10505.493351000798,100.0,✅ Fair Price,13993.81,4992.133097394339,100.0
Kaggadasapura,10000.0,29000.0,16203.21,2BHK,2,106,16203.21,0.0,0.4425763409940339,False,18901.706111364518,97.8,✅ Fair Price,13993.81,4992.133097394339,97.8
Kaggadasapura,17500.0,,17500.0,3BHK,3,106,17500.0,0.0,0.7023430528785518,False,27297.918871728238,96.5,✅ Fair Price,13993.81,4992.133097394339,96.5
JP Nagar Phase 7,8000.0,10000.0,9000.0,1BHK,1,87,8500.0,707.1067811865476,-0.8950689071518524,False,10789.598671590913,100.0,✅ Fair Price,19680.521666666667,11932.625054145323,100.0
JP Nagar Phase 7,13000.0,18500.0,16100.0,2BHK,2,87,16100.0,0.0,-0.30006152463684554,False,19185.81143195463,100.0,✅ Fair Price,19680.521666666667,11932.625054145323,100.0
JP Nagar Phase 7,16000.0,45000.0,34520.63,3BHK,3,87,34441.565,111.81479530902433,1.243658312064198,True,27582.02419231835,68.6,⚠️ Slightly High,19680.521666666667,11932.625054145323,68.6
Jalahalli,6300.0,,6300.0,1BHK,1,91,6300.0,0.0,-0.7802026424609485,False,10729.787025150888,100.0,✅ Fair Price,14766.666666666666,10851.881557284585,100.0
Jalahalli,10000.0,13000.0,11000.0,2BHK,2,91,11000.0,0.0,-0.3470980259767211,False,19125.999785514607,100.0,✅ Fair Price,14766.666666666666,10851.881557284585,100.0
Jalahalli,27000.0,,27000.0,3BHK,3,91,27000.0,0.0,1.1273006684376699,True,27522.212545878327,94.4,✅ Fair Price,14766.666666666666,10851.881557284585,94.4
Hoskote,5800.0,6500.0,6150.0,1BHK,1,78,6112.5,53.033008588991066,-0.9633674786814269,False,10924.174876080966,100.0,✅ Fair Price,10843.055,4871.510720315619,100.0
Hoskote,10000.0,,10000.0,2BHK,2,78,9750.0,353.5533905932738,-0.17305822534357057,False,19320.387636444684,100.0,✅ Fair Price,10843.055,4871.510720315619,100.0
Hoskote,10000.0,21000.0,15333.33,3BHK,3,78,16666.665,1885.6204401867315,0.9217417876705566,False,27716.600396808404,95.4,✅ Fair Price,10843.055,4871.510720315619,95.4
Bommanahalli,6000.0,13500.0,8718.75,1BHK,1,27,9263.195,769.9615029662193,-0.9403764429961167,False,11686.773368191272,100.0,✅ Fair Price,17093.683333333334,8905.93697418675,100.0
Bommanahalli,8500.0,20000.0,14916.67,2BHK,2,27,15067.855,213.8078774273763,-0.24444517625077053,False,20082.986128554992,100.0,✅ Fair Price,17093.683333333334,8905.93697418675,100.0
Bommanahalli,20000.0,22000.0,21000.0,3BHK,3,27,26950.0,8414.570696119916,0.4386193926578256,False,28479.198888918705,97.8,✅ Fair Price,17093.683333333334,8905.93697418675,97.8
Kodigehalli,9000.0,11000.0,10000.0,1BHK,1,123,10000.0,0.0,-0.6657502859356825,False,10251.293853630697,100.0,✅ Fair Price,17333.333333333332,11015.141094572204,100.0
Kodigehalli,12000.0,,12000.0,2BHK,2,123,12000.0,0.0,-0.48418202613504185,False,18647.506613994417,100.0,✅ Fair Price,17333.333333333332,11015.141094572204,100.0
Kodigehalli,30000.0,,30000.0,3BHK,3,123,30000.0,0.0,1.1499323120707248,True,27043.71937435813,83.3,✅ Fair Price,17333.333333333332,11015.141094572204,83.3
Chikkanayakanahalli at Off Sarjapur,17000.0,,17000.0,1BHK,1,38,17000.0,0.0,0.22104628499162404,False,11522.291340481206,51.4,🔶 Overpriced,14581.480000000001,10941.237940694828,51.4
Chikkanayakanahalli at Off Sarjapur,10000.0,70000.0,24111.11,2BHK,2,38,24111.11,0.0,0.870982794785543,False,19918.504100844926,74.6,⚠️ Slightly High,14581.480000000001,10941.237940694828,74.6
Chikkanayakanahalli at Off Sarjapur,22000.0,35000.0,2633.33,3BHK,3,38,2633.33,0.0,-1.0920290797771672,False,28314.71686120864,100.0,✅ Fair Price,14581.480000000001,10941.237940694828,100.0
Yeshwantpur,3500.0,40000.0,9454.55,1BHK,1,214,9454.55,0.0,-0.7938430826443512,False,8890.578897120151,93.7,✅ Fair Price,19784.850000000002,13013.02515049825,93.7
Yeshwantpur,11000.0,20000.0,15500.0,2BHK,2,214,15500.0,0.0,-0.3292739351876179,False,17286.791657483867,100.0,✅ Fair Price,19784.850000000002,13013.02515049825,100.0
Yeshwantpur,18000.0,50000.0,34400.0,3BHK,3,214,34400.0,0.0,1.1231170178319685,True,25683.004417847587,60.4,⚠️ Slightly High,19784.850000000002,13013.02515049825,60.4
Kengeri,4000.0,8000.0,5500.0,1BHK,1,119,5500.0,0.0,-0.6877463165424402,False,10311.10550007072,100.0,✅ Fair Price,10921.43,7882.892092037034,100.0
Kengeri,7300.0,,7300.0,2BHK,2,119,7300.0,0.0,-0.4594037261601255,False,18707.31826043444,100.0,✅ Fair Price,10921.43,7882.892092037034,100.0
Kengeri,12500.0,30000.0,19964.29,3BHK,3,119,19964.29,0.0,1.1471500427025656,True,27103.53102079816,94.3,✅ Fair Price,10921.43,7882.892092037034,94.3
Hulimavu,6000.0,27000.0,1062.5,1BHK,1,79,5681.25,6531.8988912107325,-1.7536321686512861,False,10909.22196447096,100.0,✅ Fair Price,13961.288333333336,7355.469729580611,100.0
Hulimavu,11000.0,22000.0,16928.57,2BHK,2,79,15869.285,1498.0552134183838,0.4034115801922892,False,19305.43472483468,98.0,✅ Fair Price,13961.288333333336,7355.469729580611,98.0
Hulimavu,17000.0,24000.0,20333.33,3BHK,3,79,20333.33,0.0,0.8662997607129005,False,27701.647485198395,95.7,✅ Fair Price,13961.288333333336,7355.469729580611,95.7
Konanakunte,4000.0,9000.0,6575.0,1BHK,1,127,6575.0,0.0,-0.8035637769444699,False,10191.482207190673,100.0,✅ Fair Price,18450.0,14777.918493482091,100.0
Konanakunte,10000.0,18000.0,13775.0,2BHK,2,127,13775.0,0.0,-0.31635037113392817,False,18587.69496755439,100.0,✅ Fair Price,18450.0,14777.918493482091,100.0
Konanakunte,35000.0,,35000.0,3BHK,3,127,35000.0,0.0,1.119914148078398,True,26983.907727918107,64.7,⚠️ Slightly High,18450.0,14777.918493482091,64.7
Sarjapur Road Wipro To Railway Crossing,13500.0,23000.0,18833.33,1BHK,1,186,18833.33,0.0,-0.8836670191861264,False,9309.26042220032,-2.3,🚨 Significantly Overpriced,24233.660000000003,6111.272552611282,0.0
Sarjapur Road Wipro To Railway Crossing,23000.0,,23000.0,2BHK,2,186,23000.0,0.0,-0.20186630352018478,False,17705.473182564037,70.1,⚠️ Slightly High,24233.660000000003,6111.272552611282,70.1
Sarjapur Road Wipro To Railway Crossing,20000.0,45000.0,30867.65,3BHK,3,186,30867.65,0.0,1.0855333227063102,True,26101.685942927754,76.3,⚠️ Slightly High,24233.660000000003,6111.272552611282,76.3
Kadugodi,3000.0,11000.0,7470.77,1BHK,1,103,7470.77,0.0,-0.7560787435480235,False,10550.352085830817,100.0,✅ Fair Price,15603.590000000002,10756.578027621052,100.0
Kadugodi,10120.0,12500.0,11540.0,2BHK,2,103,11540.0,0.0,-0.3777772066139806,False,18946.564846194535,100.0,✅ Fair Price,15603.590000000002,10756.578027621052,100.0
Kadugodi,13500.0,50000.0,27800.0,3BHK,3,103,27800.0,0.0,1.1338559501620036,True,27342.77760655825,92.7,✅ Fair Price,15603.590000000002,10756.578027621052,92.7
Kengeri Satellite Town,3000.0,8000.0,5270.83,1BHK,1,120,5270.83,0.0,-1.085381651952704,False,10296.152588460714,100.0,✅ Fair Price,9868.896666666666,4236.359310473243,100.0
Kengeri Satellite Town,7000.0,15000.0,10722.22,2BHK,2,120,10722.22,0.0,0.20142846033473236,False,18692.36534882443,99.0,✅ Fair Price,9868.896666666666,4236.359310473243,99.0
Kengeri Satellite Town,13000.0,22000.0,13613.64,3BHK,3,120,13613.64,0.0,0.8839531916179719,False,27088.57810918815,95.6,✅ Fair Price,9868.896666666666,4236.359310473243,95.6
New Thippasandra,6000.0,20000.0,14682.93,1BHK,1,160,14682.93,0.0,-0.7860719533514141,False,9698.036124060476,48.6,🔶 Overpriced,20159.016666666666,6966.393653048422,48.6
New Thippasandra,10000.0,26000.0,17794.12,2BHK,2,160,17794.12,0.0,-0.3394721550987595,False,18094.248884424196,100.0,✅ Fair Price,20159.016666666666,6966.393653048422,100.0
New Thippasandra,28000.0,,28000.0,3BHK,3,160,28000.0,0.0,1.1255441084501736,True,26490.46164478791,88.7,✅ Fair Price,20159.016666666666,6966.393653048422,88.7
Kogilu,7000.0,8500.0,7750.0,1BHK,1,126,7750.0,0.0,-0.8862008990015399,False,10206.435118800679,100.0,✅ Fair Price,15583.333333333334,8839.2297301424,100.0
Kogilu,10500.0,16000.0,13833.33,2BHK,2,126,13833.33,0.0,-0.19798142901136492,False,18602.647879164397,100.0,✅ Fair Price,15583.333333333334,8839.2297301424,100.0
Kogilu,15500.0,35000.0,25166.67,3BHK,3,126,25166.67,0.0,1.0841823280129044,True,26998.860639528117,94.6,✅ Fair Price,15583.333333333334,8839.2297301424,94.6
Kasturi Nagar,4499.0,12750.0,9621.29,1BHK,1,117,9621.29,0.0,-0.9001343607063262,False,10341.011323290732,100.0,✅ Fair Price,20333.146666666667,11900.286373093437,100.0
Kasturi Nagar,11000.0,24000.0,18235.29,2BHK,2,117,18235.29,0.0,-0.17628623386828096,False,18737.22408365445,100.0,✅ Fair Price,20333.146666666667,11900.286373093437,100.0
Kasturi Nagar,20000.0,65000.0,33142.86,3BHK,3,117,33142.86,0.0,1.0764205945746073,True,27133.43684401817,72.5,⚠️ Slightly High,20333.146666666667,11900.286373093437,72.5
Singasandra,5300.0,15000.0,9514.29,1BHK,1,190,9514.29,0.0,-0.8421855790536608,False,9249.448775760295,97.1,✅ Fair Price,16202.643333333333,7941.662146303715,97.1
Singasandra,12000.0,17500.0,14113.64,2BHK,2,190,14113.64,0.0,-0.2630435914861498,False,17645.66153612401,100.0,✅ Fair Price,16202.643333333333,7941.662146303715,100.0
Singasandra,17500.0,45000.0,24980.0,3BHK,3,190,24980.0,0.0,1.1052291705398105,True,26041.87429648773,94.5,✅ Fair Price,16202.643333333333,7941.662146303715,94.5
Yelahanka New Town,5000.0,8500.0,6618.0,1BHK,1,212,6618.0,0.0,-1.008930075719793,False,8920.484720340164,100.0,✅ Fair Price,11856.0,5191.6382770759365,100.0
Yelahanka New Town,8500.0,18000.0,11950.0,2BHK,2,212,11950.0,0.0,0.01810603801406272,False,17316.697480703882,99.9,✅ Fair Price,11856.0,5191.6382770759365,99.9
Yelahanka New Town,17000.0,,17000.0,3BHK,3,212,17000.0,0.0,0.9908240377057302,False,25712.9102410676,95.0,✅ Fair Price,11856.0,5191.6382770759365,95.0
Doddaballapur,6000.0,,6000.0,1BHK,1,49,6000.0,0.0,-0.6931485183671462,False,11357.80931277114,100.0,✅ Fair Price,32000.0,37509.998667022104,100.0
Doddaballapur,15000.0,,15000.0,2BHK,2,49,15000.0,0.0,-0.45321249277851866,False,19754.02207313486,100.0,✅ Fair Price,32000.0,37509.998667022104,100.0
Doddaballapur,75000.0,,75000.0,3BHK,3,49,75000.0,0.0,1.1463610111456648,True,28150.234833498573,-72.2,🚨 Significantly Overpriced,32000.0,37509.998667022104,0.0
Kanakapura Road Beyond Nice Ring Road,10000.0,11000.0,10500.0,1BHK,1,113,10500.0,0.0,-1.0265901564413722,False,10400.822969730756,99.0,✅ Fair Price,15717.949999999999,5082.79761622475,99.0
Kanakapura Road Beyond Nice Ring Road,8000.0,22000.0,16000.0,2BHK,2,113,16000.0,0.0,0.05549109394001288,False,18797.035730094474,99.7,✅ Fair Price,15717.949999999999,5082.79761622475,99.7
Kanakapura Road Beyond Nice Ring Road,12500.0,28000.0,20653.85,3BHK,3,113,20653.85,0.0,0.9710990625013596,False,27193.248490458194,95.1,✅ Fair Price,15717.949999999999,5082.79761622475,95.1
Richmond Town,25000.0,,25000.0,1BHK,1,175,25000.0,0.0,-0.6374648539705751,False,9473.742449910385,-63.9,🚨 Significantly Overpriced,38888.89,21787.69529565484,0.0
Richmond Town,10000.0,38000.0,27666.67,2BHK,2,175,27666.67,0.0,-0.5150714588081314,False,17869.955210274104,45.2,🔶 Overpriced,38888.89,21787.69529565484,45.2
Richmond Town,58000.0,70000.0,64000.0,3BHK,3,175,64000.0,0.0,1.1525363127787065,True,26266.16797063782,-49.4,🚨 Significantly Overpriced,38888.89,21787.69529565484,0.0
Kanakapura,5300.0,,5300.0,1BHK,1,112,5300.0,0.0,-0.6018105632369358,False,10415.775881340764,100.0,✅ Fair Price,13850.0,14207.128492415348,100.0
Kanakapura,6000.0,,6000.0,2BHK,2,112,6000.0,0.0,-0.5525395229719235,False,18811.98864170448,100.0,✅ Fair Price,13850.0,14207.128492415348,100.0
Kanakapura,25000.0,38000.0,30250.0,3BHK,3,112,30250.0,0.0,1.1543500862088594,True,27208.201402068196,83.0,✅ Fair Price,13850.0,14207.128492415348,83.0
Avalahalli Off Sarjapur Road,15000.0,,15000.0,1BHK,1,10,15000.0,0.0,-0.8206945344647691,False,11940.972865561373,74.4,⚠️ Slightly High,19666.666666666668,5686.2407030773265,74.4
Avalahalli Off Sarjapur Road,18000.0,,18000.0,2BHK,2,10,18000.0,0.0,-0.2931051908802748,False,20337.185625925093,100.0,✅ Fair Price,19666.666666666668,5686.2407030773265,100.0
Avalahalli Off Sarjapur Road,26000.0,,26000.0,3BHK,3,10,26000.0,0.0,1.1137997253450433,True,28733.398386288813,94.4,✅ Fair Price,19666.666666666668,5686.2407030773265,94.4
ITPL,10500.0,13500.0,12000.0,1BHK,1,80,12000.0,0.0,-0.9115223425954226,False,10894.269052860955,89.9,✅ Fair Price,25098.626666666667,14370.055515447159,89.9
ITPL,14000.0,40000.0,22826.49,2BHK,2,80,22826.49,0.0,-0.1581160674170132,False,19290.481813224673,81.7,✅ Fair Price,25098.626666666667,14370.055515447159,81.7
ITPL,20000.0,75000.0,40469.39,3BHK,3,80,40469.39,0.0,1.0696384100124359,True,27686.694573588393,48.5,🔶 Overpriced,25098.626666666667,14370.055515447159,48.5
Domlur Layout,2500.0,20000.0,12246.0,1BHK,1,54,12246.0,0.0,-0.8263887098882539,False,11283.04475472111,91.5,✅ Fair Price,26639.016666666666,17416.763436437705,91.5
Domlur Layout,14000.0,25750.0,21671.05,2BHK,2,54,21671.05,0.0,-0.28524052042144393,False,19679.257515084828,89.9,✅ Fair Price,26639.016666666666,17416.763436437705,89.9
Domlur Layout,45000.0,48000.0,46000.0,3BHK,3,54,46000.0,0.0,1.111629230309698,True,28075.470275448548,30.6,🚨 Significantly Overpriced,26639.016666666666,17416.763436437705,30.6
Frazer Town,10000.0,,10000.0,1BHK,1,61,10000.0,0.0,-1.148734734992112,False,11178.374373451068,100.0,✅ Fair Price,29936.51,17355.190360929493,100.0
Frazer Town,15000.0,,38142.86,2BHK,2,61,38142.86,0.0,0.4728470174821231,False,19574.587133814784,2.8,🚨 Significantly Overpriced,29936.51,17355.190360929493,2.8
Frazer Town,40000.0,45000.0,41666.67,3BHK,3,61,41666.67,0.0,0.6758877175099891,False,27970.799894178504,47.7,🔶 Overpriced,29936.51,17355.190360929493,47.7
Hoodi,6500.0,15000.0,8443.75,1BHK,1,74,8443.75,0.0,-0.7815684876026887,False,10983.98652252099,100.0,✅ Fair Price,17592.133333333335,11705.158893233074,100.0
Hoodi,8500.0,18000.0,13550.0,2BHK,2,74,13550.0,0.0,-0.3453292151096003,False,19380.199282884707,100.0,✅ Fair Price,17592.133333333335,11705.158893233074,100.0
Hoodi,23000.0,40000.0,30782.65,3BHK,3,74,30782.65,0.0,1.1268977027122886,True,27776.412043248427,83.5,✅ Fair Price,17592.133333333335,11705.158893233074,83.5
Bilekahalli,5000.0,13750.0,8495.45,1BHK,1,26,8495.45,0.0,-0.8326866075047648,False,11701.726279801278,100.0,✅ Fair Price,18788.960000000003,12361.805638793225,100.0
Bilekahalli,10000.0,28000.0,15371.43,2BHK,2,26,15371.43,0.0,-0.276458803823551,False,20097.939040164994,100.0,✅ Fair Price,18788.960000000003,12361.805638793225,100.0
Bilekahalli,25000.0,40000.0,32500.0,3BHK,3,26,32500.0,0.0,1.1091454113283152,True,28494.151800528714,80.4,✅ Fair Price,18788.960000000003,12361.805638793225,80.4
Sadduguntepalya,8000.0,17700.0,9911.11,1BHK,1,177,9911.11,0.0,-0.8060657409628311,False,9443.836626690372,95.1,✅ Fair Price,18741.203333333335,10954.557283114334,95.1
Sadduguntepalya,10000.0,17500.0,15312.5,2BHK,2,177,15312.5,0.0,-0.3129933273176119,False,17840.04938705409,100.0,✅ Fair Price,18741.203333333335,10954.557283114334,100.0
Sadduguntepalya,31000.0,,31000.0,3BHK,3,177,31000.0,0.0,1.1190590682804427,True,26236.26214741781,76.2,⚠️ Slightly High,18741.203333333335,10954.557283114334,76.2
Kumaraswamy Layout,5000.0,12500.0,8773.08,1BHK,1,133,8773.08,0.0,-1.1445756074078925,False,10101.764737530637,100.0,✅ Fair Price,13659.403333333334,4269.113636275488,100.0
Kumaraswamy Layout,9500.0,38000.0,15538.46,2BHK,2,133,15538.46,0.0,0.4401514756365246,False,18497.977497894353,97.8,✅ Fair Price,13659.403333333334,4269.113636275488,97.8
Kumaraswamy Layout,13000.0,19000.0,16666.67,3BHK,3,133,16666.67,0.0,0.7044241317713672,False,26894.190258258073,96.5,✅ Fair Price,13659.403333333334,4269.113636275488,96.5
BTM Layout 2nd Stage,5000.0,17000.0,9685.71,1BHK,1,12,9685.71,0.0,-0.9251940004978162,False,11911.067042341361,100.0,✅ Fair Price,20266.733333333334,11436.545554381068,100.0
BTM Layout 2nd Stage,14500.0,23000.0,18714.29,2BHK,2,12,18714.29,0.0,-0.13574407813543213,False,20307.27980270508,100.0,✅ Fair Price,20266.733333333334,11436.545554381068,100.0
BTM Layout 2nd Stage,23000.0,50000.0,32400.2,3BHK,3,12,32400.2,0.0,1.0609380786332483,True,28703.4925630688,81.8,✅ Fair Price,20266.733333333334,11436.545554381068,81.8
Medahalli,5500.0,9000.0,7222.22,1BHK,1,146,7222.22,0.0,-1.1140458124650057,False,9907.37688660056,100.0,✅ Fair Price,10550.263333333334,2987.34872129675,100.0
Medahalli,9500.0,15000.0,11428.57,2BHK,2,146,11428.57,0.0,0.2940087511060341,False,18303.589646964276,98.5,✅ Fair Price,10550.263333333334,2987.34872129675,98.5
Medahalli,13000.0,,13000.0,3BHK,3,146,13000.0,0.0,0.8200370613589707,False,26699.802407327996,95.9,✅ Fair Price,10550.263333333334,2987.34872129675,95.9
HBR Layout,6500.0,15000.0,11179.93,1BHK,1,68,11179.93,0.0,-1.0332673060398538,False,11073.703992181025,99.0,✅ Fair Price,16521.516666666666,5169.607743749358,99.0
HBR Layout,10000.0,24000.0,16884.62,2BHK,2,68,16884.62,0.0,0.0702380821392814,False,19469.916752544745,99.6,✅ Fair Price,16521.516666666666,5169.607743749358,99.6
HBR Layout,20000.0,24000.0,21500.0,3BHK,3,68,21500.0,0.0,0.9630292239005724,False,27866.12951290846,95.2,✅ Fair Price,16521.516666666666,5169.607743749358,95.2
Basavanagudi,2800.0,20000.0,9525.0,1BHK,1,20,9525.0,0.0,-0.8469670338486597,False,11791.443749461312,100.0,✅ Fair Price,19286.11,11524.78149668357,100.0
Basavanagudi,8000.0,28000.0,16333.33,2BHK,2,20,16333.33,0.0,-0.2562113651221681,False,20187.65650982503,100.0,✅ Fair Price,19286.11,11524.78149668357,100.0
Basavanagudi,22000.0,40000.0,32000.0,3BHK,3,20,32000.0,0.0,1.1031783989708277,True,28583.86927018875,82.5,✅ Fair Price,19286.11,11524.78149668357,82.5
Basaveswarnagar,7000.0,20000.0,10100.0,1BHK,1,21,10100.0,0.0,-1.009126687635423,False,11776.490837851306,100.0,✅ Fair Price,18339.856666666667,8165.334211876041,100.0
Basaveswarnagar,10000.0,24000.0,18491.0,2BHK,2,21,18491.0,0.0,0.018510367048234663,False,20172.703598215026,99.9,✅ Fair Price,18339.856666666667,8165.334211876041,99.9
Basaveswarnagar,16000.0,38000.0,26428.57,3BHK,3,21,26428.57,0.0,0.9906163205871883,False,28568.916358578746,95.0,✅ Fair Price,18339.856666666667,8165.334211876041,95.0
Uttarahalli Hobli,4300.0,7200.0,5750.0,1BHK,1,202,5750.0,0.0,-0.9795041281036617,False,9070.013836440223,100.0,✅ Fair Price,15183.333333333334,9630.723406542904,100.0
Uttarahalli Hobli,11000.0,22000.0,14800.0,2BHK,2,202,14800.0,0.0,-0.03980317128336441,False,17466.226596803943,100.0,✅ Fair Price,15183.333333333334,9630.723406542904,100.0
Uttarahalli Hobli,18000.0,32000.0,25000.0,3BHK,3,202,25000.0,0.0,1.019307299387026,True,25862.439357167663,94.9,✅ Fair Price,15183.333333333334,9630.723406542904,94.9
Munnekollal,5500.0,15000.0,8135.0,1BHK,1,148,8135.0,0.0,-0.8789601926817054,False,9877.471063380548,100.0,✅ Fair Price,15224.486666666666,8065.7653505748185,100.0
Munnekollal,8500.0,18000.0,13538.46,2BHK,2,148,13538.46,0.0,-0.20903492643094426,False,18273.683823744264,100.0,✅ Fair Price,15224.486666666666,8065.7653505748185,100.0
Munnekollal,24000.0,,24000.0,3BHK,3,148,24000.0,0.0,1.08799511911265,True,26669.896584107984,94.6,✅ Fair Price,15224.486666666666,8065.7653505748185,94.6
Kudlu,8000.0,10500.0,9500.0,1BHK,1,131,9500.0,0.0,-1.0681290751171912,False,10131.670560750648,100.0,✅ Fair Price,13541.666666666666,3783.8747777025255,100.0
Kudlu,9500.0,18000.0,14125.0,2BHK,2,131,14125.0,0.0,0.15416295929526488,False,18527.883321114365,99.2,✅ Fair Price,13541.666666666666,3783.8747777025255,99.2
Kudlu,17000.0,,17000.0,3BHK,3,131,17000.0,0.0,0.9139661158219268,False,26924.096081478085,95.4,✅ Fair Price,13541.666666666666,3783.8747777025255,95.4
Ejipura,7000.0,11000.0,8285.71,1BHK,1,57,8285.71,0.0,-0.771218889215344,False,11238.18601989109,100.0,✅ Fair Price,25613.756666666668,22468.389855306352,100.0
Ejipura,10000.0,28000.0,17555.56,2BHK,2,57,17555.56,0.0,-0.3586459340682824,False,19634.39878025481,100.0,✅ Fair Price,25613.756666666668,22468.389855306352,100.0
Ejipura,50000.0,52000.0,51000.0,3BHK,3,57,51000.0,0.0,1.1298648232836261,True,28030.611540618527,12.4,🚨 Significantly Overpriced,25613.756666666668,22468.389855306352,12.4
Ulsoor,5000.0,15000.0,10200.0,1BHK,1,201,10200.0,0.0,-0.9288117838364613,False,9084.96674805023,87.7,✅ Fair Price,20622.22333333333,11221.02832318114,87.7
Ulsoor,12000.0,35000.0,19166.67,2BHK,2,201,19166.67,0.0,-0.129716572439832,False,17481.17950841395,90.4,✅ Fair Price,20622.22333333333,11221.02832318114,90.4
Ulsoor,25000.0,40000.0,32500.0,3BHK,3,201,32500.0,0.0,1.0585283562762937,True,25877.392268777665,69.1,⚠️ Slightly High,20622.22333333333,11221.02832318114,69.1
byatarayanapura,15000.0,,15000.0,1BHK,1,215,15000.0,0.0,-0.7221027953810484,False,8875.625985510145,31.0,🚨 Significantly Overpriced,26625.0,16098.81595024926,31.0
byatarayanapura,15000.0,28000.0,19875.0,2BHK,2,215,19875.0,0.0,-0.41928549409222166,False,17271.838745873865,84.9,✅ Fair Price,26625.0,16098.81595024926,84.9
byatarayanapura,30000.0,60000.0,45000.0,3BHK,3,215,45000.0,0.0,1.14138828947327,True,25668.051506237585,19.0,🚨 Significantly Overpriced,26625.0,16098.81595024926,19.0
NRI Layout,6000.0,8500.0,6640.0,1BHK,1,151,6640.0,0.0,-1.112711323514334,False,9832.61232855053,100.0,✅ Fair Price,14317.5,6899.81295036322,100.0
NRI Layout,11000.0,33000.0,16312.5,2BHK,2,151,16312.5,0.0,0.28913827292883054,False,18228.825088914247,98.6,✅ Fair Price,14317.5,6899.81295036322,98.6
NRI Layout,20000.0,,20000.0,3BHK,3,151,20000.0,0.0,0.8235730505855035,False,26625.037849277964,95.9,✅ Fair Price,14317.5,6899.81295036322,95.9
JP Nagar Phase 8,10000.0,,10000.0,1BHK,1,88,10000.0,0.0,-1.1478444663505247,False,10774.645759980907,100.0,✅ Fair Price,16404.763333333332,5579.818103489874,100.0
JP Nagar Phase 8,19000.0,,19000.0,2BHK,2,88,19000.0,0.0,0.4651113384938996,False,19170.858520344624,97.7,✅ Fair Price,16404.763333333332,5579.818103489874,97.7
JP Nagar Phase 8,16500.0,25000.0,20214.29,3BHK,3,88,20214.29,0.0,0.682733127856626,False,27567.07128070834,96.6,✅ Fair Price,16404.763333333332,5579.818103489874,96.6
Kartik Nagar,7000.0,12000.0,9416.67,1BHK,1,115,9416.67,0.0,-0.9098881443480658,False,10370.917146510745,100.0,✅ Fair Price,16575.926666666666,7868.282174174573,100.0
Kartik Nagar,10000.0,22000.0,15311.11,2BHK,2,115,15311.11,0.0,-0.16074876811333372,False,18767.129906874463,100.0,✅ Fair Price,16575.926666666666,7868.282174174573,100.0
Kartik Nagar,25000.0,,25000.0,3BHK,3,115,25000.0,0.0,1.0706369124613997,True,27163.342667238183,94.6,✅ Fair Price,16575.926666666666,7868.282174174573,94.6
Carmelaram,3950.0,8000.0,6650.0,1BHK,1,33,6650.0,0.0,-0.9629931148699193,False,11597.055898531235,100.0,✅ Fair Price,16466.666666666668,10193.911581592874,100.0
Carmelaram,15000.0,16000.0,15750.0,2BHK,2,33,15750.0,0.0,-0.07030340227403496,False,19993.268658894955,100.0,✅ Fair Price,16466.666666666668,10193.911581592874,100.0
Carmelaram,27000.0,,27000.0,3BHK,3,33,27000.0,0.0,1.0332965171439539,True,28389.48141925867,94.8,✅ Fair Price,16466.666666666668,10193.911581592874,94.8
Panathur,8000.0,10000.0,8666.67,1BHK,1,163,8666.67,0.0,-1.142652447015785,False,9653.177389230457,100.0,✅ Fair Price,17679.89,7887.980307169891,100.0
Panathur,16000.0,26100.0,21050.0,2BHK,2,163,21050.0,0.0,0.42724624919977194,False,18049.390149594175,81.2,✅ Fair Price,17679.89,7887.980307169891,81.2
Panathur,18792.0,29500.0,23323.0,3BHK,3,163,23323.0,0.0,0.7154061978160133,False,26445.602909957895,96.4,✅ Fair Price,17679.89,7887.980307169891,96.4
Vibhutipura,8000.0,11000.0,9785.71,1BHK,1,205,9785.71,0.0,-0.6978917882777819,False,9025.155101610206,91.6,✅ Fair Price,18195.236666666668,12049.900583325712,91.6
Vibhutipura,9500.0,16000.0,12800.0,2BHK,2,205,12800.0,0.0,-0.44774117673073854,False,17421.367861973922,100.0,✅ Fair Price,18195.236666666668,12049.900583325712,100.0
Vibhutipura,26000.0,46000.0,32000.0,3BHK,3,205,32000.0,0.0,1.1456329650085202,True,25817.580622337642,70.3,⚠️ Slightly High,18195.236666666668,12049.900583325712,70.3
JP Nagar Phase 9,8000.0,14500.0,10875.0,1BHK,1,89,10875.0,0.0,-1.1387125893343606,False,10759.6928483709,98.9,✅ Fair Price,19458.333333333332,7537.752206946932,98.9
JP Nagar Phase 9,22000.0,23000.0,22500.0,2BHK,2,89,22500.0,0.0,0.403524364181594,False,19155.905608734618,80.5,✅ Fair Price,19458.333333333332,7537.752206946932,80.5
JP Nagar Phase 9,25000.0,,25000.0,3BHK,3,89,25000.0,0.0,0.735188225152767,False,27552.118369098338,96.3,✅ Fair Price,19458.333333333332,7537.752206946932,96.3
Anagalapura Near Hennur Main Road,12000.0,,12000.0,1BHK,1,4,12000.0,0.0,-0.6247401307318766,False,12030.690335221409,100.0,✅ Fair Price,31500.0,31212.978070027217,100.0
Anagalapura Near Hennur Main Road,15000.0,,15000.0,2BHK,2,4,15000.0,0.0,-0.528626264465434,False,20426.903095585127,100.0,✅ Fair Price,31500.0,31212.978070027217,100.0
Anagalapura Near Hennur Main Road,65000.0,70000.0,67500.0,3BHK,3,4,67500.0,0.0,1.1533663951973105,True,28823.115855948847,-40.0,🚨 Significantly Overpriced,31500.0,31212.978070027217,0.0
Malleswaram,5000.0,15000.0,9285.71,1BHK,1,140,9285.71,0.0,-0.7955962095615619,False,9997.094356260595,100.0,✅ Fair Price,15803.57,8192.42213784788,100.0
Malleswaram,8000.0,19000.0,13125.0,2BHK,2,140,13125.0,0.0,-0.32695702869428195,False,18393.307116624313,100.0,✅ Fair Price,15803.57,8192.42213784788,100.0
Malleswaram,25000.0,,25000.0,3BHK,3,140,25000.0,0.0,1.1225532382558439,True,26789.51987698803,94.4,✅ Fair Price,15803.57,8192.42213784788,94.4
Adugodi,7000.0,13500.0,9700.0,1BHK,1,1,9700.0,0.0,-0.4495615167327288,False,12075.549070051427,100.0,✅ Fair Price,11569.133333333333,4157.680904089843,100.0
Adugodi,14500.0,19500.0,16333.33,2BHK,2,1,16333.33,0.0,1.145878381859513,True,20471.761830415147,94.3,✅ Fair Price,11569.133333333333,4157.680904089843,94.3
Adugodi,23000.0,,8674.07,3BHK,3,1,8674.07,0.0,-0.6963168651267841,False,28867.97459077886,100.0,✅ Fair Price,11569.133333333333,4157.680904089843,100.0
Arakere,4500.0,13000.0,8583.33,1BHK,1,7,8583.33,0.0,-0.7247085114099324,False,11985.831600391391,100.0,✅ Fair Price,19816.346666666668,15500.047936255982,100.0
Arakere,10000.0,20000.0,13365.71,2BHK,2,7,13365.71,0.0,-0.41616882045752,False,20382.044360755106,100.0,✅ Fair Price,19816.346666666668,15500.047936255982,100.0
Arakere,20000.0,70000.0,37500.0,3BHK,3,7,37500.0,0.0,1.140877331867452,True,28778.257121118826,64.0,⚠️ Slightly High,19816.346666666668,15500.047936255982,64.0
Bannerughatta,4000.0,8000.0,5750.0,1BHK,1,18,5750.0,0.0,-0.9436032054129551,False,11821.349572681325,100.0,✅ Fair Price,16527.77666666667,11421.937319458259,100.0
Bannerughatta,14000.0,16000.0,15333.33,2BHK,2,18,15333.33,0.0,-0.10457478738145633,False,20217.562333045047,100.0,✅ Fair Price,16527.77666666667,11421.937319458259,100.0
Bannerughatta,27000.0,30000.0,28500.0,3BHK,3,18,28500.0,0.0,1.0481779927944108,True,28613.77509340876,94.8,✅ Fair Price,16527.77666666667,11421.937319458259,94.8
Margondanahalli,6500.0,7000.0,6750.0,1BHK,1,142,6750.0,0.0,-0.9747403576571587,False,9967.188533040582,100.0,✅ Fair Price,11750.0,5129.571132170798,100.0
Margondanahalli,10000.0,13000.0,11500.0,2BHK,2,142,11500.0,0.0,-0.04873701788285794,False,18363.4012934043,100.0,✅ Fair Price,11750.0,5129.571132170798,100.0
Margondanahalli,17000.0,,17000.0,3BHK,3,142,17000.0,0.0,1.0234773755400166,True,26759.61405376802,94.9,✅ Fair Price,11750.0,5129.571132170798,94.9
Akshayanagar,6500.0,14000.0,10800.0,1BHK,1,2,10800.0,0.0,-0.9697930903925106,False,12060.596158441422,100.0,✅ Fair Price,15266.666666666666,4605.793453177567,100.0
Akshayanagar,8000.0,20000.0,15000.0,2BHK,2,2,15000.0,0.0,-0.05789809494880648,False,20456.808918805138,100.0,✅ Fair Price,15266.666666666666,4605.793453177567,100.0
Akshayanagar,20000.0,,20000.0,3BHK,3,2,20000.0,0.0,1.0276911853413175,True,28853.021679168858,94.9,✅ Fair Price,15266.666666666666,4605.793453177567,94.9
Annapurneshwari Nagar,5000.0,8500.0,7166.67,1BHK,1,6,7166.67,0.0,-0.8170739502985354,False,12000.784512001397,100.0,✅ Fair Price,18936.51,14404.865062335712,100.0
Annapurneshwari Nagar,11500.0,16500.0,14642.86,2BHK,2,6,14642.86,0.0,-0.29806943566771554,False,20396.997272365115,100.0,✅ Fair Price,18936.51,14404.865062335712,100.0
Annapurneshwari Nagar,35000.0,,35000.0,3BHK,3,6,35000.0,0.0,1.1151433859662514,True,28793.210032728835,72.9,⚠️ Slightly High,18936.51,14404.865062335712,72.9
Ramagondanahalli,7000.0,22000.0,14500.0,1BHK,1,172,14500.0,0.0,-0.6407286528046664,False,9518.601184740404,47.7,🔶 Overpriced,42373.01666666667,43502.06057534325,47.7
Ramagondanahalli,15000.0,25000.0,20119.05,2BHK,2,172,20119.05,0.0,-0.5115612081897589,False,17914.81394510412,87.7,✅ Fair Price,42373.01666666667,43502.06057534325,87.7
Ramagondanahalli,35000.0,,92500.0,3BHK,3,172,92500.0,0.0,1.1522898609944252,True,26311.02670546784,-157.3,🚨 Significantly Overpriced,42373.01666666667,43502.06057534325,0.0
Anjanapura,7000.0,,7000.0,1BHK,1,5,7000.0,0.0,-0.8006407690254358,False,12015.737423611403,100.0,✅ Fair Price,11583.333333333334,5724.581498531865,100.0
Anjanapura,8500.0,11000.0,9750.0,2BHK,2,5,9750.0,0.0,-0.3202563076101744,False,20411.950183975125,100.0,✅ Fair Price,11583.333333333334,5724.581498531865,100.0
Anjanapura,18000.0,,18000.0,3BHK,3,5,18000.0,0.0,1.12089707663561,True,28808.162944338837,94.4,✅ Fair Price,11583.333333333334,5724.581498531865,94.4
Kodihalli,7000.0,16000.0,10368.18,1BHK,1,124,10368.18,0.0,-1.146824455212755,False,10236.340942020692,98.7,✅ Fair Price,19191.353333333333,7693.569223457559,98.7
Kodihalli,10500.0,50000.0,22705.88,2BHK,2,124,22705.88,0.0,0.4568135496787288,False,18632.553702384408,75.9,⚠️ Slightly High,19191.353333333333,7693.569223457559,75.9
Kodihalli,23000.0,26000.0,24500.0,3BHK,3,124,24500.0,0.0,0.6900109055340266,False,27028.766462748128,96.5,✅ Fair Price,19191.353333333333,7693.569223457559,96.5
JP Nagar Phase 5,11000.0,,11000.0,1BHK,1,85,11000.0,0.0,-0.899837894572776,False,10819.504494810924,98.3,✅ Fair Price,14733.333333333334,4148.895435333763,98.3
JP Nagar Phase 5,14000.0,,14000.0,2BHK,2,85,14000.0,0.0,-0.17675387214822397,False,19215.71725517464,100.0,✅ Fair Price,14733.333333333334,4148.895435333763,100.0
JP Nagar Phase 5,19200.0,,19200.0,3BHK,3,85,19200.0,0.0,1.0765917667209994,True,27611.93001553836,94.6,✅ Fair Price,14733.333333333334,4148.895435333763,94.6
Mallathahalli,10000.0,,230000.0,1BHK,1,139,230000.0,0.0,1.1533642779238866,True,10012.047267870601,-2103.0,🚨 Significantly Overpriced,90111.11,121287.69086884415,0.0
Mallathahalli,10500.0,20000.0,14333.33,2BHK,2,139,14333.33,0.0,-0.6247771678821322,False,18408.26002823432,100.0,✅ Fair Price,90111.11,121287.69086884415,100.0
Mallathahalli,25000.0,28000.0,26000.0,3BHK,3,139,26000.0,0.0,-0.5285871100417543,False,26804.47278859804,100.0,✅ Fair Price,90111.11,121287.69086884415,100.0
Nagavara,6200.0,13000.0,8740.0,1BHK,1,154,8740.0,0.0,-0.9006582578553158,False,9787.75359372051,100.0,✅ Fair Price,17135.556666666667,9321.578515982865,100.0
Nagavara,9500.0,28000.0,15500.0,2BHK,2,154,15500.0,0.0,-0.17545919544230912,False,18183.96635408423,100.0,✅ Fair Price,17135.556666666667,9321.578515982865,100.0
Nagavara,13500.0,60000.0,27166.67,3BHK,3,154,27166.67,0.0,1.0761174532976245,True,26580.17911444795,92.4,✅ Fair Price,17135.556666666667,9321.578515982865,92.4
Bannerghatta,15000.0,,15000.0,1BHK,1,17,15000.0,0.0,-0.5062456633690338,False,11836.302484291331,73.3,⚠️ Slightly High,18631.58,7173.552808002462,73.3
Bannerghatta,14000.0,,14000.0,2BHK,2,17,14000.0,0.0,-0.6456466027312491,False,20232.51524465505,100.0,✅ Fair Price,18631.58,7173.552808002462,100.0
Bannerghatta,20000.0,40000.0,26894.74,3BHK,3,17,26894.74,0.0,1.1518922661002824,True,28628.72800501877,94.2,✅ Fair Price,18631.58,7173.552808002462,94.2
Nayandahalli,4700.0,7000.0,5925.0,1BHK,1,158,5925.0,0.0,-0.4608986876645939,False,9727.941947280488,100.0,✅ Fair Price,15308.333333333334,20358.776417610006,100.0
Nayandahalli,12100.0,14000.0,1333.33,2BHK,2,158,1333.33,0.0,-0.6864363086793952,False,18124.154707644208,100.0,✅ Fair Price,15308.333333333334,20358.776417610006,100.0
Nayandahalli,27000.0,50000.0,38666.67,3BHK,3,158,38666.67,0.0,1.1473349963439887,True,26520.36746800792,48.5,🔶 Overpriced,15308.333333333334,20358.776417610006,48.5
hebbal kempapura,6000.0,21000.0,11957.14,1BHK,1,216,11957.14,0.0,-0.7593640732755712,False,8860.67307390014,65.1,⚠️ Slightly High,19063.493333333332,9358.29542564421,65.1
hebbal kempapura,10000.0,20000.0,15566.67,2BHK,2,216,15566.67,0.0,-0.37366028472996365,False,17256.885834263856,100.0,✅ Fair Price,19063.493333333332,9358.29542564421,100.0
hebbal kempapura,10000.0,65000.0,29666.67,3BHK,3,216,29666.67,0.0,1.133024358005535,True,25653.098594627576,78.7,⚠️ Slightly High,19063.493333333332,9358.29542564421,78.7
Sarjapur Road,8000.0,,8000.0,1BHK,1,184,8000.0,0.0,-0.9329543706664492,False,9339.166245420332,100.0,✅ Fair Price,20666.666666666668,13576.941236277533,100.0
Sarjapur Road,19000.0,,19000.0,2BHK,2,184,19000.0,0.0,-0.12275715403505917,False,17735.379005784052,92.9,✅ Fair Price,20666.666666666668,13576.941236277533,92.9
Sarjapur Road,35000.0,,35000.0,3BHK,3,184,35000.0,0.0,1.055711524701508,True,26131.591766147765,60.8,⚠️ Slightly High,20666.666666666668,13576.941236277533,60.8
Bennigana Halli,6500.0,,6500.0,1BHK,1,24,6500.0,0.0,-0.797901823207749,False,11731.63210302129,100.0,✅ Fair Price,16600.0,12658.198924017586,100.0
Bennigana Halli,12500.0,,12500.0,2BHK,2,24,12500.0,0.0,-0.32390074011403674,False,20127.844863385006,100.0,✅ Fair Price,16600.0,12658.198924017586,100.0
Bennigana Halli,23000.0,45000.0,30800.0,3BHK,3,24,30800.0,0.0,1.1218025633217859,True,28524.057623748726,86.4,✅ Fair Price,16600.0,12658.198924017586,86.4
Kammanahalli,6000.0,50000.0,11875.0,1BHK,1,110,11875.0,0.0,-0.7998554960973167,False,10445.681704560775,86.3,✅ Fair Price,18172.62,7873.447179806315,86.3
Kammanahalli,11000.0,26000.0,15642.86,2BHK,2,110,15642.86,0.0,-0.3213027206797404,False,18841.894464924495,100.0,✅ Fair Price,18172.62,7873.447179806315,100.0
Kammanahalli,27000.0,,27000.0,3BHK,3,110,27000.0,0.0,1.1211582167770575,True,27238.107225288208,94.4,✅ Fair Price,18172.62,7873.447179806315,94.4
Jeevan Bima Nagar,8000.0,13000.0,10000.0,1BHK,1,95,10000.0,0.0,-0.9108338606156878,False,10669.975378710864,100.0,✅ Fair Price,24369.046666666665,15775.705414545915,100.0
Jeevan Bima Nagar,10000.0,45000.0,21857.14,2BHK,2,95,21857.14,0.0,-0.15922626599952697,False,19066.188139074584,85.4,✅ Fair Price,24369.046666666665,15775.705414545915,85.4
Jeevan Bima Nagar,20000.0,60000.0,41250.0,3BHK,3,95,41250.0,0.0,1.070060126615215,True,27462.400899438304,44.4,🔶 Overpriced,24369.046666666665,15775.705414545915,44.4
Doddanekundi,12000.0,,12000.0,1BHK,1,52,12000.0,0.0,-0.6969790463179959,False,11312.950577941123,93.9,✅ Fair Price,19020.833333333332,10073.234440006514,93.9
Doddanekundi,14500.0,,14500.0,2BHK,2,52,14500.0,0.0,-0.4487965965905196,False,19709.16333830484,100.0,✅ Fair Price,19020.833333333332,10073.234440006514,100.0
Doddanekundi,20000.0,50000.0,30562.5,3BHK,3,52,30562.5,0.0,1.145775642908516,True,28105.37609866856,85.5,✅ Fair Price,19020.833333333332,10073.234440006514,85.5
Abbigere,5000.0,6000.0,5660.0,1BHK,1,0,5660.0,0.0,-1.1238346875476017,False,12090.501981661433,100.0,✅ Fair Price,10553.333333333334,4354.139792580543,100.0
Abbigere,5000.0,19000.0,12000.0,2BHK,2,0,12000.0,0.0,0.3322508544929556,False,20486.71474202515,98.3,✅ Fair Price,10553.333333333334,4354.139792580543,98.3
Abbigere,14000.0,,14000.0,3BHK,3,0,14000.0,0.0,0.7915838330546456,False,28882.92750238887,96.0,✅ Fair Price,10553.333333333334,4354.139792580543,96.0
Kithaganur Colony,8000.0,10000.0,9000.0,1BHK,1,121,9000.0,0.0,-1.04136348066892,False,10281.199676850709,100.0,✅ Fair Price,12916.666666666666,3761.0946987989196,100.0
Kithaganur Colony,8500.0,18000.0,13250.0,2BHK,2,121,13250.0,0.0,0.0886266792058657,False,18677.41243721443,99.6,✅ Fair Price,12916.666666666666,3761.0946987989196,99.6
Kithaganur Colony,15000.0,18000.0,16500.0,3BHK,3,121,16500.0,0.0,0.9527368014630547,False,27073.62519757814,95.2,✅ Fair Price,12916.666666666666,3761.0946987989196,95.2
Hosakerehalli,5000.0,7500.0,6250.0,1BHK,1,77,6250.0,0.0,-1.0782461034051112,False,10939.127787690972,100.0,✅ Fair Price,12527.776666666667,5822.21131784422,100.0
Hosakerehalli,12500.0,15000.0,13583.33,2BHK,2,77,13583.33,0.0,0.1812976677947463,False,19335.34054805469,99.1,✅ Fair Price,12527.776666666667,5822.21131784422,99.1
Hosakerehalli,17500.0,18000.0,17750.0,3BHK,3,77,17750.0,0.0,0.8969484356103649,False,27731.553308418406,95.5,✅ Fair Price,12527.776666666667,5822.21131784422,95.5
Wilson Garden,3500.0,15000.0,11750.0,1BHK,1,210,11750.0,0.0,-0.9080235051757894,False,8950.390543560176,68.7,⚠️ Slightly High,18285.713333333333,7197.735847232332,68.7
Wilson Garden,10000.0,25000.0,17107.14,2BHK,2,210,17107.14,0.0,-0.16374223205016863,False,17346.603303923894,100.0,✅ Fair Price,18285.713333333333,7197.735847232332,100.0
Wilson Garden,25000.0,27000.0,26000.0,3BHK,3,210,26000.0,0.0,1.0717657372259581,True,25742.81606428761,93.6,✅ Fair Price,18285.713333333333,7197.735847232332,93.6
K C Krishna Reddy Layout,6500.0,,6500.0,1BHK,1,98,6500.0,0.0,-0.8414602616388862,False,10625.116643880847,100.0,✅ Fair Price,12766.666666666666,7447.3709007496955,100.0
K C Krishna Reddy Layout,7000.0,17000.0,10800.0,2BHK,2,98,10800.0,0.0,-0.2640752948760334,False,19021.329404244563,100.0,✅ Fair Price,12766.666666666666,7447.3709007496955,100.0
K C Krishna Reddy Layout,21000.0,,21000.0,3BHK,3,98,21000.0,0.0,1.1055355565149199,True,27417.542164608283,94.5,✅ Fair Price,12766.666666666666,7447.3709007496955,94.5
Cooke Town,10000.0,,10000.0,1BHK,1,40,10000.0,0.0,-1.0214658608739535,False,11492.385517261195,100.0,✅ Fair Price,17666.666666666668,7505.553499465134,100.0
Cooke Town,12000.0,24000.0,18000.0,2BHK,2,40,18000.0,0.0,0.04441155916843259,False,19888.59827762491,99.8,✅ Fair Price,17666.666666666668,7505.553499465134,99.8
Cooke Town,25000.0,,25000.0,3BHK,3,40,25000.0,0.0,0.9770543017055204,False,28284.811037988628,95.1,✅ Fair Price,17666.666666666668,7505.553499465134,95.1
Jogupalya,8000.0,16000.0,11333.33,1BHK,1,97,11333.33,0.0,-0.6846459771538318,False,10640.069555490853,93.5,✅ Fair Price,29518.516666666666,26561.4452921567,93.5
Jogupalya,9000.0,25000.0,17222.22,2BHK,2,97,17222.22,0.0,-0.46293778562936955,False,19036.282315854573,100.0,✅ Fair Price,29518.516666666666,26561.4452921567,100.0
Jogupalya,60000.0,,60000.0,3BHK,3,97,60000.0,0.0,1.1475837627832013,True,27432.495076218285,-24.5,🚨 Significantly Overpriced,29518.516666666666,26561.4452921567,0.0
R T  Nagar,6000.0,11000.0,8144.33,1BHK,1,166,8144.33,0.0,-0.8958786211238124,False,9608.318654400438,100.0,✅ Fair Price,17152.27666666667,10054.87401336453,100.0
R T  Nagar,11000.0,19000.0,15312.5,2BHK,2,166,15312.5,0.0,-0.18297361699622613,False,18004.531414764155,100.0,✅ Fair Price,17152.27666666667,10054.87401336453,100.0
R T  Nagar,26000.0,30000.0,28000.0,3BHK,3,166,28000.0,0.0,1.078852238120038,True,26400.744175127875,88.5,✅ Fair Price,17152.27666666667,10054.87401336453,88.5
Mathikere,5500.0,12500.0,8590.91,1BHK,1,145,8590.91,0.0,-0.8588512639724853,False,9922.329798210565,100.0,✅ Fair Price,14915.49,7363.9991757672,100.0
Mathikere,8000.0,20000.0,13155.56,2BHK,2,145,13155.56,0.0,-0.2389910642292605,False,18318.542558574285,100.0,✅ Fair Price,14915.49,7363.9991757672,100.0
Mathikere,18000.0,28000.0,23000.0,3BHK,3,145,23000.0,0.0,1.097842328201746,True,26714.755318938005,94.5,✅ Fair Price,14915.49,7363.9991757672,94.5
Rayasandra,4500.0,9500.0,7000.0,1BHK,1,174,7000.0,0.0,-1.082274695854237,False,9488.695361520391,100.0,✅ Fair Price,10018.519999999999,2789.051625768158,100.0
Rayasandra,5000.0,16000.0,10555.56,2BHK,2,174,10555.56,0.0,0.19255290760424337,False,17884.90812188411,99.0,✅ Fair Price,10018.519999999999,2789.051625768158,99.0
Rayasandra,12500.0,,12500.0,3BHK,3,174,12500.0,0.0,0.889721788249995,False,26281.12088224783,95.6,✅ Fair Price,10018.519999999999,2789.051625768158,95.6
Kadugodi Industrial Area,4500.0,10500.0,6916.67,1BHK,1,104,6916.67,0.0,-0.7061401111499934,False,10535.39917422081,100.0,✅ Fair Price,11527.779999999999,6530.0213473081385,100.0
Kadugodi Industrial Area,8000.0,12000.0,8666.67,2BHK,2,104,8666.67,0.0,-0.43814711282367097,False,18931.61193458453,100.0,✅ Fair Price,11527.779999999999,6530.0213473081385,100.0
Kadugodi Industrial Area,16000.0,22000.0,19000.0,3BHK,3,104,19000.0,0.0,1.144287223973665,True,27327.82469494825,94.3,✅ Fair Price,11527.779999999999,6530.0213473081385,94.3
Kudlu Gate,7500.0,16000.0,12833.33,1BHK,1,132,12833.33,0.0,-0.4634738705902233,False,10116.717649140643,73.1,⚠️ Slightly High,16333.333333333334,7551.673471637485,73.1
Kudlu Gate,9500.0,12000.0,11166.67,2BHK,2,132,11166.67,0.0,-0.6841746207298617,False,18512.930409504363,100.0,✅ Fair Price,16333.333333333334,7551.673471637485,100.0
Kudlu Gate,25000.0,,25000.0,3BHK,3,132,25000.0,0.0,1.1476484913200846,True,26909.143169868083,94.3,✅ Fair Price,16333.333333333334,7551.673471637485,94.3
Devarachikkana Halli,4350.0,11500.0,8416.67,1BHK,1,47,8416.67,0.0,-0.8755270646471274,False,11387.715135991151,100.0,✅ Fair Price,16250.0,8946.98783887069,100.0
Devarachikkana Halli,11000.0,17000.0,14333.33,2BHK,2,47,14333.33,0.0,-0.21422517103163144,False,19783.92789635487,100.0,✅ Fair Price,16250.0,8946.98783887069,100.0
Devarachikkana Halli,26000.0,,26000.0,3BHK,3,47,26000.0,0.0,1.0897522356787588,True,28180.14065671859,94.6,✅ Fair Price,16250.0,8946.98783887069,94.6
Maruthi Sevanagar,7000.0,15000.0,10200.0,1BHK,1,144,10200.0,0.0,-1.0517738919000543,False,9937.28270982057,97.4,✅ Fair Price,13793.333333333334,3416.450399659467,97.4
Maruthi Sevanagar,9000.0,17500.0,14180.0,2BHK,2,144,14180.0,0.0,0.11317789560334517,False,18333.495470184287,99.4,✅ Fair Price,13793.333333333334,3416.450399659467,99.4
Maruthi Sevanagar,15000.0,25000.0,17000.0,3BHK,3,144,17000.0,0.0,0.9385959962967086,False,26729.708230548007,95.3,✅ Fair Price,13793.333333333334,3416.450399659467,95.3
RMV Extension Stage 2,7000.0,16000.0,10833.33,1BHK,1,168,10833.33,0.0,-0.8393524185182025,False,9578.412831180427,86.9,✅ Fair Price,24277.77666666667,16017.642137019835,86.9
RMV Extension Stage 2,20000.0,,20000.0,2BHK,2,168,20000.0,0.0,-0.2670665651082258,False,17974.625591544143,88.7,✅ Fair Price,24277.77666666667,16017.642137019835,88.7
RMV Extension Stage 2,20000.0,65000.0,42000.0,3BHK,3,168,42000.0,0.0,1.106418983626428,True,26370.838351907863,35.2,🚨 Significantly Overpriced,24277.77666666667,16017.642137019835,35.2
Sanjaynagar,8500.0,,8500.0,1BHK,1,182,8500.0,0.0,-0.8714126797198997,False,9369.072068640344,100.0,✅ Fair Price,25901.233333333334,19968.9925775772,100.0
Sanjaynagar,20000.0,23000.0,21500.0,2BHK,2,182,21500.0,0.0,-0.22040337369224097,False,17765.284829004064,79.0,⚠️ Slightly High,25901.233333333334,19968.9925775772,79.0
Sanjaynagar,30000.0,,47703.7,3BHK,3,182,47703.7,0.0,1.0918160534121404,True,26161.497589367777,12.2,🚨 Significantly Overpriced,25901.233333333334,19968.9925775772,12.2
Dargajogihalli,4500.0,,4500.0,1BHK,1,42,4500.0,0.0,-1.102621775184416,False,11462.479694041182,100.0,✅ Fair Price,20344.600000000002,14369.932062469885,100.0
Dargajogihalli,24000.0,,24000.0,2BHK,2,42,24000.0,0.0,0.2543783773026212,False,19858.6924544049,77.9,⚠️ Slightly High,20344.600000000002,14369.932062469885,77.9
Dargajogihalli,31000.0,35000.0,32533.8,3BHK,3,42,32533.8,0.0,0.8482433978817944,False,28254.905214768616,80.6,✅ Fair Price,20344.600000000002,14369.932062469885,80.6
Lingarajapuram,6000.0,10500.0,7875.0,1BHK,1,136,7875.0,0.0,-0.8556090951862793,False,10056.90600270062,100.0,✅ Fair Price,17558.333333333332,11317.473584388583,100.0
Lingarajapuram,8000.0,18000.0,14800.0,2BHK,2,136,14800.0,0.0,-0.24372341695925848,False,18453.118763064336,100.0,✅ Fair Price,17558.333333333332,11317.473584388583,100.0
Lingarajapuram,30000.0,,30000.0,3BHK,3,136,30000.0,0.0,1.099332512145538,True,26849.331523428053,82.8,✅ Fair Price,17558.333333333332,11317.473584388583,82.8
Thavarekere,10000.0,11000.0,10500.0,1BHK,1,199,10500.0,0.0,-0.3852166150030971,False,9114.872571270242,84.8,✅ Fair Price,14195.0,9592.005786069982,84.8
Thavarekere,7000.0,,7000.0,2BHK,2,199,7000.0,0.0,-0.750103801068277,False,17511.08533163396,100.0,✅ Fair Price,14195.0,9592.005786069982,100.0
Thavarekere,25085.0,,25085.0,3BHK,3,199,25085.0,0.0,1.1353204160713741,True,25907.298091997676,94.3,✅ Fair Price,14195.0,9592.005786069982,94.3
Kodihalli on Old Airport Road,7000.0,,7000.0,1BHK,1,125,7000.0,0.0,-0.8728715609439696,False,10221.388030410684,100.0,✅ Fair Price,15000.0,9165.15138991168,100.0
Kodihalli on Old Airport Road,13000.0,,13000.0,2BHK,2,125,13000.0,0.0,-0.2182178902359924,False,18617.600790774402,100.0,✅ Fair Price,15000.0,9165.15138991168,100.0
Kodihalli on Old Airport Road,25000.0,,25000.0,3BHK,3,125,25000.0,0.0,1.091089451179962,True,27013.81355113812,94.5,✅ Fair Price,15000.0,9165.15138991168,94.5
hongasandra bangalore,4500.0,7500.0,6575.0,1BHK,1,217,6575.0,0.0,-0.959516130112574,False,8845.720162290134,100.0,✅ Fair Price,14760.896666666667,8531.275723010793,100.0
hongasandra bangalore,8000.0,17300.0,14107.69,2BHK,2,217,14107.69,0.0,-0.07656611834790661,False,17241.932922653854,100.0,✅ Fair Price,14760.896666666667,8531.275723010793,100.0
hongasandra bangalore,18000.0,25000.0,23600.0,3BHK,3,217,23600.0,0.0,1.0360822484604804,True,25638.145683017574,94.8,✅ Fair Price,14760.896666666667,8531.275723010793,94.8
Kamala Nagar,2000.0,9500.0,5500.0,1BHK,1,108,5500.0,0.0,-0.8127801648938062,False,10475.587527780786,100.0,✅ Fair Price,13714.236666666666,10106.344890613684,100.0
Kamala Nagar,8000.0,12500.0,10642.71,2BHK,2,108,10642.71,0.0,-0.3039206260929569,False,18871.800288144506,100.0,✅ Fair Price,13714.236666666666,10106.344890613684,100.0
Kamala Nagar,25000.0,,25000.0,3BHK,3,108,25000.0,0.0,1.1167007909867632,True,27268.013048508226,94.4,✅ Fair Price,13714.236666666666,10106.344890613684,94.4
Bommenahalli,8500.0,9000.0,8750.0,1BHK,1,28,8750.0,0.0,-0.790058263101593,False,11671.820456581267,100.0,✅ Fair Price,19583.333333333332,13712.068893253612,100.0
Bommenahalli,15000.0,,15000.0,2BHK,2,28,15000.0,0.0,-0.3342554190045201,False,20068.033216944983,100.0,✅ Fair Price,19583.333333333332,13712.068893253612,100.0
Bommenahalli,35000.0,,35000.0,3BHK,3,28,35000.0,0.0,1.1243136821061135,True,28464.245977308703,71.4,⚠️ Slightly High,19583.333333333332,13712.068893253612,71.4
Virupakshapura,8000.0,,8000.0,1BHK,1,207,8000.0,0.0,-0.7733413013219643,False,8995.249278390194,100.0,✅ Fair Price,17958.333333333332,12877.022494867877,100.0
Virupakshapura,11000.0,14500.0,13375.0,2BHK,2,207,13375.0,0.0,-0.35593114286784966,False,17391.46203875391,100.0,✅ Fair Price,17958.333333333332,12877.022494867877,100.0
Virupakshapura,30000.0,35000.0,32500.0,3BHK,3,207,32500.0,0.0,1.1292724441898143,True,25787.67479911763,68.3,⚠️ Slightly High,17958.333333333332,12877.022494867877,68.3
Sanjay Nagar,5500.0,13000.0,9375.0,1BHK,1,181,9375.0,0.0,-0.9225494374362191,False,9384.02498025035,100.0,✅ Fair Price,21902.77666666667,13579.517973022213,100.0
Sanjay Nagar,20000.0,,20000.0,2BHK,2,181,20000.0,0.0,-0.14012107575886162,False,17780.237740614066,87.5,✅ Fair Price,21902.77666666667,13579.517973022213,87.5
Sanjay Nagar,29000.0,40000.0,36333.33,3BHK,3,181,36333.33,0.0,1.0626705131950804,True,26176.450500977786,55.9,🔶 Overpriced,21902.77666666667,13579.517973022213,55.9
Kodathi,4500.0,10500.0,7811.0,1BHK,1,122,7811.0,0.0,-0.8443858125829429,False,10266.246765240703,100.0,✅ Fair Price,14825.89,8307.683401905733,100.0
Kodathi,10000.0,15500.0,12666.67,2BHK,2,122,12666.67,0.0,-0.2599063897288969,False,18662.45952560442,100.0,✅ Fair Price,14825.89,8307.683401905733,100.0
Kodathi,14000.0,34000.0,24000.0,3BHK,3,122,24000.0,0.0,1.10429220231184,True,27058.67228596814,94.5,✅ Fair Price,14825.89,8307.683401905733,94.5
Shanti Nagar,12000.0,20000.0,15000.0,1BHK,1,188,15000.0,0.0,-0.7414478810707594,False,9279.354598980308,38.4,🚨 Significantly Overpriced,30785.713333333333,21290.388355465322,38.4
Shanti Nagar,15000.0,40000.0,22357.14,2BHK,2,188,22357.14,0.0,-0.39588631229310983,False,17675.567359344026,73.5,⚠️ Slightly High,30785.713333333333,21290.388355465322,73.5
Shanti Nagar,55000.0,,55000.0,3BHK,3,188,55000.0,0.0,1.1373341933638692,True,26071.780119707742,-16.6,🚨 Significantly Overpriced,30785.713333333333,21290.388355465322,0.0
Shivaji Nagar,8000.0,,8000.0,1BHK,1,189,8000.0,0.0,-1.12579365842738,False,9264.4016873703,100.0,✅ Fair Price,23611.11,13866.759581686703,100.0
Shivaji Nagar,25000.0,35000.0,28333.33,2BHK,2,189,28333.33,0.0,0.3405424296990377,False,17660.61444773402,37.9,🚨 Significantly Overpriced,23611.11,13866.759581686703,37.9
Shivaji Nagar,22000.0,47000.0,34500.0,3BHK,3,189,34500.0,0.0,0.7852512287283424,False,26056.82720809774,63.7,⚠️ Slightly High,23611.11,13866.759581686703,63.7
Domlur,15000.0,16000.0,15666.67,1BHK,1,53,15666.67,0.0,-1.081186875206327,False,11297.997666331115,61.3,⚠️ Slightly High,37222.223333333335,19936.935813450204,61.3
Domlur,32000.0,50000.0,41000.0,2BHK,2,53,41000.0,0.0,0.18948632337563304,False,19694.210426694834,-9.1,🚨 Significantly Overpriced,37222.223333333335,19936.935813450204,0.0
Domlur,55000.0,,55000.0,3BHK,3,53,55000.0,0.0,0.8917005518306936,False,28090.42318705855,-0.3,🚨 Significantly Overpriced,37222.223333333335,19936.935813450204,0.0
Benson Town,8500.0,,8500.0,1BHK,1,25,8500.0,0.0,-0.7448988008649615,False,11716.679191411284,100.0,✅ Fair Price,24666.666666666668,21703.171824003824,100.0
Benson Town,14000.0,19000.0,16166.67,2BHK,2,25,16166.67,0.0,-0.39164766954780433,False,20112.891951775004,100.0,✅ Fair Price,24666.666666666668,21703.171824003824,100.0
Benson Town,18000.0,85000.0,49333.33,3BHK,3,25,49333.33,0.0,1.1365464704127657,True,28509.104712138716,21.3,🚨 Significantly Overpriced,24666.666666666668,21703.171824003824,21.3
Amruthahalli,7800.0,12000.0,9371.43,1BHK,1,3,9371.43,0.0,-1.0492314986514084,False,12045.643246831414,100.0,✅ Fair Price,15234.92,5588.366349596275,100.0
Amruthahalli,11500.0,18000.0,15833.33,2BHK,2,3,15833.33,0.0,0.10708138346070159,False,20441.856007195136,99.5,✅ Fair Price,15234.92,5588.366349596275,99.5
Amruthahalli,11000.0,30000.0,20500.0,3BHK,3,3,20500.0,0.0,0.9421501151907068,False,28838.06876755885,95.3,✅ Fair Price,15234.92,5588.366349596275,95.3
Byrathi,7000.0,13500.0,9687.5,1BHK,1,31,9687.5,0.0,-0.7218153036060521,False,11626.961721751248,100.0,✅ Fair Price,20784.72,15374.043670950725,100.0
Byrathi,12000.0,16000.0,14333.33,2BHK,2,31,14333.33,0.0,-0.4196287026418372,False,20023.174482114966,100.0,✅ Fair Price,20784.72,15374.043670950725,100.0
Byrathi,35000.0,40000.0,38333.33,3BHK,3,31,38333.33,0.0,1.1414440062478892,True,28419.387242478682,59.4,🔶 Overpriced,20784.72,15374.043670950725,59.4
Cox Town,3250.0,15000.0,13791.67,1BHK,1,41,13791.67,0.0,-1.0271105833083427,False,11477.432605651187,79.8,⚠️ Slightly High,21097.22333333333,7112.723256927219,79.8
Cox Town,17500.0,25000.0,21500.0,2BHK,2,41,21500.0,0.0,0.05662763081276872,False,19873.645366014905,91.5,✅ Fair Price,21097.22333333333,7112.723256927219,91.5
Cox Town,28000.0,,28000.0,3BHK,3,41,28000.0,0.0,0.9704829524955748,False,28269.858126378625,95.1,✅ Fair Price,21097.22333333333,7112.723256927219,95.1
Challaghatta,13000.0,,13000.0,1BHK,1,34,13000.0,0.0,-0.7217976369344362,False,11582.102986921229,87.8,✅ Fair Price,27333.333333333332,19857.828011475307,87.8
Challaghatta,19000.0,,19000.0,2BHK,2,34,19000.0,0.0,-0.4196497889153699,False,19978.31574728495,100.0,✅ Fair Price,27333.333333333332,19857.828011475307,100.0
Challaghatta,50000.0,,50000.0,3BHK,3,34,50000.0,0.0,1.1414474258498064,True,28374.52850764867,18.1,🚨 Significantly Overpriced,27333.333333333332,19857.828011475307,18.1
Kothanur,8000.0,9000.0,8666.67,1BHK,1,129,8666.67,0.0,-1.0722218635701288,False,10161.57638397066,100.0,✅ Fair Price,13722.223333333333,4715.025411345451,100.0
Kothanur,12000.0,18000.0,14500.0,2BHK,2,129,14500.0,0.0,0.16495704663545493,False,18557.78914433438,99.2,✅ Fair Price,13722.223333333333,4715.025411345451,99.2
Kothanur,18000.0,,18000.0,3BHK,3,129,18000.0,0.0,0.907264816934674,False,26954.001904698096,95.5,✅ Fair Price,13722.223333333333,4715.025411345451,95.5
Ullal Uppanagar,6000.0,7000.0,6500.0,1BHK,1,200,6500.0,0.0,-1.040531963428944,False,9099.919659660236,100.0,✅ Fair Price,12500.0,5766.2812973353975,100.0
Ullal Uppanagar,13000.0,,13000.0,2BHK,2,200,13000.0,0.0,0.08671099695241201,False,17496.132420023954,99.6,✅ Fair Price,12500.0,5766.2812973353975,99.6
Ullal Uppanagar,18000.0,,18000.0,3BHK,3,200,18000.0,0.0,0.953820966476532,False,25892.345180387674,95.2,✅ Fair Price,12500.0,5766.2812973353975,95.2
Kaval Byrasandra,6000.0,8000.0,7000.0,1BHK,1,118,7000.0,0.0,-1.0121143121531908,False,10326.058411680726,100.0,✅ Fair Price,13833.333333333334,6751.543033509697,100.0
Kaval Byrasandra,10000.0,19000.0,14000.0,2BHK,2,118,14000.0,0.0,0.024685714930565535,False,18722.271172044442,99.9,✅ Fair Price,13833.333333333334,6751.543033509697,99.9
Kaval Byrasandra,18000.0,23000.0,20500.0,3BHK,3,118,20500.0,0.0,0.9874285972226249,False,27118.483932408162,95.1,✅ Fair Price,13833.333333333334,6751.543033509697,95.1
KPC Layout,9500.0,12500.0,11250.0,1BHK,1,100,11250.0,0.0,-0.8206945344647686,False,10595.210820660835,93.8,✅ Fair Price,17083.333333333332,7107.8008788466595,93.8
KPC Layout,12500.0,17500.0,15000.0,2BHK,2,100,15000.0,0.0,-0.29310519088027437,False,18991.423581024552,100.0,✅ Fair Price,17083.333333333332,7107.8008788466595,100.0
KPC Layout,25000.0,,25000.0,3BHK,3,100,25000.0,0.0,1.1137997253450433,True,27387.636341388272,94.4,✅ Fair Price,17083.333333333332,7107.8008788466595,94.4
Sunkadakatte,3500.0,7000.0,4800.0,1BHK,1,196,4800.0,0.0,-1.006471457182305,False,9159.73130610026,100.0,✅ Fair Price,9933.333333333334,5100.326786916044,100.0
Sunkadakatte,15000.0,,15000.0,2BHK,2,196,15000.0,0.0,0.9934003992968202,False,17555.944066463977,95.0,✅ Fair Price,9933.333333333334,5100.326786916044,95.0
Sunkadakatte,10000.0,,10000.0,3BHK,3,196,10000.0,0.0,0.01307105788548436,False,25952.156826827697,99.9,✅ Fair Price,9933.333333333334,5100.326786916044,99.9
JP Nagar Phase 6,5500.0,,5500.0,1BHK,1,86,5500.0,0.0,-0.8836017606269503,False,10804.551583200919,100.0,✅ Fair Price,43416.666666666664,42911.488360733114,100.0
JP Nagar Phase 6,90000.0,,90000.0,2BHK,2,86,90000.0,0.0,1.085567877341682,True,19200.76434356464,-274.2,🚨 Significantly Overpriced,43416.666666666664,42911.488360733114,0.0
JP Nagar Phase 6,24000.0,42000.0,34750.0,3BHK,3,86,34750.0,0.0,-0.20196611671473144,False,27596.97710392835,74.1,⚠️ Slightly High,43416.666666666664,42911.488360733114,74.1
JP Nagar Phase 1,5500.0,14000.0,10500.0,1BHK,1,84,10500.0,0.0,-0.9541244327098101,False,10834.45740642093,100.0,✅ Fair Price,26789.39333333333,17072.608954232313,100.0
JP Nagar Phase 1,16000.0,44000.0,25318.18,2BHK,2,84,25318.18,0.0,-0.08617390214215705,False,19230.67016678465,68.3,⚠️ Slightly High,26789.39333333333,17072.608954232313,68.3
JP Nagar Phase 1,30000.0,60000.0,44550.0,3BHK,3,84,44550.0,0.0,1.0402983348519677,True,27626.88292714837,33.5,🚨 Significantly Overpriced,26789.39333333333,17072.608954232313,33.5
RT Nager,6500.0,13500.0,10216.67,1BHK,1,170,10216.67,0.0,-0.8309896332219818,False,9548.507007960416,93.0,✅ Fair Price,14405.556666666665,5040.841063714799,93.0
RT Nager,12500.0,13500.0,13000.0,2BHK,2,170,13000.0,0.0,-0.2788337598628539,False,17944.719768324132,100.0,✅ Fair Price,14405.556666666665,5040.841063714799,100.0
RT Nager,20000.0,,20000.0,3BHK,3,170,20000.0,0.0,1.1098233930848365,True,26340.932528687852,94.5,✅ Fair Price,14405.556666666665,5040.841063714799,94.5
Ashok Nagar,12000.0,,12000.0,1BHK,1,8,12000.0,0.0,-0.7053379976969749,False,11970.878688781386,99.8,✅ Fair Price,24583.333333333332,17840.14667353756,99.8
Ashok Nagar,16500.0,17000.0,16750.0,2BHK,2,8,16750.0,0.0,-0.4390845813477857,False,20367.091449145104,100.0,✅ Fair Price,24583.333333333332,17840.14667353756,100.0
Ashok Nagar,45000.0,,45000.0,3BHK,3,8,45000.0,0.0,1.1444225790447609,True,28763.304209508824,37.8,🚨 Significantly Overpriced,24583.333333333332,17840.14667353756,37.8
Padmanabhanagar,5000.0,8000.0,6500.0,1BHK,1,162,6500.0,0.0,-0.9803032502912455,False,9668.130300840463,100.0,✅ Fair Price,13611.11,7253.990025930556,100.0
Padmanabhanagar,11500.0,17000.0,13333.33,2BHK,2,162,13333.33,0.0,-0.03829340804261259,False,18064.34306120418,100.0,✅ Fair Price,13611.11,7253.990025930556,100.0
Padmanabhanagar,21000.0,,21000.0,3BHK,3,162,21000.0,0.0,1.018596658333858,True,26460.555821567898,94.9,✅ Fair Price,13611.11,7253.990025930556,94.9
R.K. Hegde Nagar,7500.0,9000.0,8000.0,1BHK,1,167,8000.0,0.0,-1.1032897124501886,False,9593.365742790433,100.0,✅ Fair Price,13375.0,4871.793817476269,100.0
R.K. Hegde Nagar,9000.0,28000.0,14625.0,2BHK,2,167,14625.0,0.0,0.2565790028953927,False,17989.578503154153,98.7,✅ Fair Price,13375.0,4871.793817476269,98.7
R.K. Hegde Nagar,17500.0,,17500.0,3BHK,3,167,17500.0,0.0,0.8467107095547959,False,26385.791263517873,95.8,✅ Fair Price,13375.0,4871.793817476269,95.8
Nandini Layout,4000.0,6000.0,5000.0,1BHK,1,155,5000.0,0.0,-0.7697523956399053,False,9772.800682110505,100.0,✅ Fair Price,18166.666666666668,17105.06747526397,100.0
Nandini Layout,8000.0,15000.0,12000.0,2BHK,2,155,12000.0,0.0,-0.3605169447933734,False,18169.01344247422,100.0,✅ Fair Price,18166.666666666668,17105.06747526397,100.0
Nandini Layout,27000.0,48000.0,37500.0,3BHK,3,155,37500.0,0.0,1.1302693404332784,True,26565.22620283794,53.2,🔶 Overpriced,18166.666666666668,17105.06747526397,53.2
Attiguppe,5500.0,8000.0,6750.0,1BHK,1,9,6750.0,0.0,-1.153318034719836,False,11955.92577717138,100.0,✅ Fair Price,13233.333333333334,5621.461850207055,100.0
Attiguppe,5000.0,30000.0,16200.0,2BHK,2,9,16200.0,0.0,0.5277393577895392,False,20352.138537535095,97.4,✅ Fair Price,13233.333333333334,5621.461850207055,97.4
Attiguppe,16500.0,17000.0,16750.0,3BHK,3,9,16750.0,0.0,0.6255786769302965,False,28748.351297898815,96.9,✅ Fair Price,13233.333333333334,5621.461850207055,96.9
Parappana Agrahara,6000.0,9000.0,7648.57,1BHK,1,165,7648.57,0.0,-0.7772325008361323,False,9623.271566010444,100.0,✅ Fair Price,16949.523333333334,11966.758110768067,100.0
Parappana Agrahara,12000.0,13500.0,12750.0,2BHK,2,165,12750.0,0.0,-0.3509324158189903,False,18019.484326374164,100.0,✅ Fair Price,16949.523333333334,11966.758110768067,100.0
Parappana Agrahara,30450.0,,30450.0,3BHK,3,165,30450.0,0.0,1.1281649166551224,True,26415.697086737884,79.1,⚠️ Slightly High,16949.523333333334,11966.758110768067,79.1
Bangalore City Municipal Corporation Layout,,,300000.0,1BHK,1,16,300000.0,0.0,1.1546040049030815,True,11851.255395901338,-2337.2,🚨 Significantly Overpriced,110250.0,164342.05943701693,0.0
Bangalore City Municipal Corporation Layout,8500.0,18000.0,13250.0,2BHK,2,16,13250.0,0.0,-0.5902323503325371,False,20247.46815626506,100.0,✅ Fair Price,110250.0,164342.05943701693,100.0
Bangalore City Municipal Corporation Layout,17500.0,,17500.0,3BHK,3,16,17500.0,0.0,-0.5643716545705444,False,28643.68091662877,100.0,✅ Fair Price,110250.0,164342.05943701693,100.0
Choodasandra,3500.0,9000.0,7416.67,1BHK,1,39,7416.67,0.0,0.437269988919429,False,11507.3384288712,97.8,✅ Fair Price,5659.723333333332,4017.9905120138515,97.8
Choodasandra,6500.0,15000.0,1062.5,2BHK,2,39,1062.5,0.0,-1.144159828050257,False,19903.551189234917,100.0,✅ Fair Price,5659.723333333332,4017.9905120138515,100.0
Choodasandra,8500.0,,8500.0,3BHK,3,39,8500.0,0.0,0.7068898391308287,False,28299.763949598637,96.5,✅ Fair Price,5659.723333333332,4017.9905120138515,96.5
Doddakannelli,9500.0,13000.0,11125.0,1BHK,1,51,11125.0,0.0,-1.1100598730206988,False,11327.903489551129,100.0,✅ Fair Price,19920.453333333335,7923.404446103539,100.0
Doddakannelli,13500.0,,22136.36,2BHK,2,51,22136.36,0.0,0.2796659796605957,False,19724.11624991485,86.4,✅ Fair Price,19920.453333333335,7923.404446103539,86.4
Doddakannelli,26500.0,,26500.0,3BHK,3,51,26500.0,0.0,0.8303938933601026,False,28120.32901027856,95.8,✅ Fair Price,19920.453333333335,7923.404446103539,95.8
Narayanapura Hennur Main Road,10000.0,,10000.0,1BHK,1,156,10000.0,0.0,-0.8102581965293134,False,9757.847770500499,97.5,✅ Fair Price,14833.333333333334,5965.176722724426,97.5
Narayanapura Hennur Main Road,10000.0,16000.0,13000.0,2BHK,2,156,13000.0,0.0,-0.30733931592491204,False,18154.06053086422,100.0,✅ Fair Price,14833.333333333334,5965.176722724426,100.0
Narayanapura Hennur Main Road,21000.0,22000.0,21500.0,3BHK,3,156,21500.0,0.0,1.1175975124542252,True,26550.27329122794,94.4,✅ Fair Price,14833.333333333334,5965.176722724426,94.4
Basapura,4000.0,,4000.0,1BHK,1,19,4000.0,0.0,-1.1295023559218986,False,11806.39666107132,100.0,✅ Fair Price,12358.333333333334,7400.014076563188,100.0
Basapura,15000.0,,15000.0,2BHK,2,19,15000.0,0.0,0.3569813029184863,False,20202.609421435038,98.2,✅ Fair Price,12358.333333333334,7400.014076563188,98.2
Basapura,14000.0,21300.0,18075.0,3BHK,3,19,18075.0,0.0,0.7725210530034121,False,28598.822181798758,96.1,✅ Fair Price,12358.333333333334,7400.014076563188,96.1
Ganganagar,25000.0,,25000.0,1BHK,1,63,25000.0,0.0,0.4663724021672138,False,11148.468550231057,-26.6,🚨 Significantly Overpriced,20666.666666666668,9291.573243177569,0.0
Ganganagar,10000.0,,10000.0,2BHK,2,63,10000.0,0.0,-1.1479936053346806,False,19544.681310594773,100.0,✅ Fair Price,20666.666666666668,9291.573243177569,100.0
Ganganagar,26000.0,28000.0,27000.0,3BHK,3,63,27000.0,0.0,0.6816212031674664,False,27940.894070958493,96.6,✅ Fair Price,20666.666666666668,9291.573243177569,96.6
K Channasandra,6000.0,,6000.0,1BHK,1,99,6000.0,0.0,-0.951600834301832,False,10610.163732270841,100.0,✅ Fair Price,11250.0,5517.019122678477,100.0
K Channasandra,8500.0,13000.0,10750.0,2BHK,2,99,10750.0,0.0,-0.09062865088588876,False,19006.37649263456,100.0,✅ Fair Price,11250.0,5517.019122678477,100.0
K Channasandra,17000.0,,17000.0,3BHK,3,99,17000.0,0.0,1.0422294851877207,True,27402.589252998274,94.8,✅ Fair Price,11250.0,5517.019122678477,94.8
SMV Layout,9500.0,,9500.0,1BHK,1,176,9500.0,0.0,-0.5272179250551492,False,9458.78953830038,99.6,✅ Fair Price,12166.666666666666,5057.99696849784,99.6
SMV Layout,7000.0,11000.0,9000.0,2BHK,2,176,9000.0,0.0,-0.6260712860029898,False,17855.002298664098,100.0,✅ Fair Price,12166.666666666666,5057.99696849784,100.0
SMV Layout,18000.0,,18000.0,3BHK,3,176,18000.0,0.0,1.1532892110581394,True,26251.215059027818,94.2,✅ Fair Price,12166.666666666666,5057.99696849784,94.2
Jalahalli East,7000.0,,7000.0,1BHK,1,92,7000.0,0.0,-0.9585756112322553,False,10714.834113540883,100.0,✅ Fair Price,15166.666666666666,8519.585279421372,100.0
Jalahalli East,12500.0,16000.0,14500.0,2BHK,2,92,14500.0,0.0,-0.07825107030467383,False,19111.0468739046,100.0,✅ Fair Price,15166.666666666666,8519.585279421372,100.0
Jalahalli East,24000.0,,24000.0,3BHK,3,92,24000.0,0.0,1.0368266815369294,True,27507.259634268317,94.8,✅ Fair Price,15166.666666666666,8519.585279421372,94.8
Kammmanhalli,9000.0,,9000.0,1BHK,1,111,9000.0,0.0,-0.8824975032927699,False,10430.72879295077,100.0,✅ Fair Price,15500.0,7365.459931328118,100.0
Kammmanhalli,14000.0,,14000.0,2BHK,2,111,14000.0,0.0,-0.2036532699906392,False,18826.941553314486,100.0,✅ Fair Price,15500.0,7365.459931328118,100.0
Kammmanhalli,22000.0,25000.0,23500.0,3BHK,3,111,23500.0,0.0,1.086150773283409,True,27223.154313678206,94.6,✅ Fair Price,15500.0,7365.459931328118,94.6
Devinagar,8000.0,8500.0,8250.0,1BHK,1,48,8250.0,0.0,-0.6757373783994859,False,11372.762224381146,100.0,✅ Fair Price,14083.333333333334,8632.545009053434,100.0
Devinagar,10000.0,,10000.0,2BHK,2,48,10000.0,0.0,-0.47301616487964016,False,19768.974984744862,100.0,✅ Fair Price,14083.333333333334,8632.545009053434,100.0
Devinagar,24000.0,,24000.0,3BHK,3,48,24000.0,0.0,1.1487535432791258,True,28165.187745108582,94.3,✅ Fair Price,14083.333333333334,8632.545009053434,94.3
Kadubeesanahalli,8500.0,13000.0,10760.0,1BHK,1,102,10760.0,0.0,-1.14331025438552,False,10565.304997440822,98.2,✅ Fair Price,18920.0,7137.170307621922,98.2
Kadubeesanahalli,22000.0,,22000.0,2BHK,2,102,22000.0,0.0,0.4315435764102208,False,18961.51775780454,81.8,✅ Fair Price,18920.0,7137.170307621922,81.8
Kadubeesanahalli,24000.0,,24000.0,3BHK,3,102,24000.0,0.0,0.7117666779752992,False,27357.73051816826,96.4,✅ Fair Price,18920.0,7137.170307621922,96.4
Doddakammanahalli,5000.0,,5000.0,1BHK,1,50,5000.0,0.0,-1.0231437820593259,False,11342.856401161134,100.0,✅ Fair Price,11925.0,6768.354674512854,100.0
Doddakammanahalli,11000.0,13500.0,12250.0,2BHK,2,50,12250.0,0.0,0.04801757821939075,False,19739.06916152485,99.8,✅ Fair Price,11925.0,6768.354674512854,99.8
Doddakammanahalli,15000.0,22050.0,18525.0,3BHK,3,50,18525.0,0.0,0.9751262038399352,False,28135.28192188857,95.1,✅ Fair Price,11925.0,6768.354674512854,95.1
Dooravani Nagar,8000.0,,8000.0,1BHK,1,55,8000.0,0.0,-0.9317854625074237,False,11268.091843111104,100.0,✅ Fair Price,11175.0,3407.43671988197,100.0
Dooravani Nagar,7500.0,14000.0,10750.0,2BHK,2,55,10750.0,0.0,-0.1247271878946945,False,19664.304603474822,100.0,✅ Fair Price,11175.0,3407.43671988197,100.0
Dooravani Nagar,13000.0,16550.0,14775.0,3BHK,3,55,14775.0,0.0,1.056512650402118,True,28060.51736383854,94.7,✅ Fair Price,11175.0,3407.43671988197,94.7
Sai Baba Ashram,8000.0,,8000.0,1BHK,1,178,8000.0,0.0,-1.0764560422480882,False,9428.883715080367,100.0,✅ Fair Price,17880.953333333335,9179.151721511817,100.0
Sai Baba Ashram,16000.0,23000.0,19500.0,2BHK,2,178,19500.0,0.0,0.17638303797423305,False,17825.096475444087,89.7,✅ Fair Price,17880.953333333335,9179.151721511817,89.7
Sai Baba Ashram,16000.0,35000.0,26142.86,3BHK,3,178,26142.86,0.0,0.9000730042738547,False,26221.309235807807,95.5,✅ Fair Price,17880.953333333335,9179.151721511817,95.5
Kvalasanahalli,7000.0,,7000.0,1BHK,1,134,7000.0,0.0,-1.038179860536723,False,10086.811825920631,100.0,✅ Fair Price,23057.506666666668,15466.979544724732,100.0
Kvalasanahalli,15700.0,30000.0,24315.38,2BHK,2,134,24315.38,0.0,0.08132637207517038,False,18483.02458628435,68.0,⚠️ Slightly High,23057.506666666668,15466.979544724732,68.0
Kvalasanahalli,30000.0,40000.0,37857.14,3BHK,3,134,37857.14,0.0,0.9568534884615523,False,26879.237346648064,54.4,🔶 Overpriced,23057.506666666668,15466.979544724732,54.4
Giri Nagar,10000.0,,10000.0,1BHK,1,64,10000.0,0.0,-1.0,False,11133.515638621051,100.0,✅ Fair Price,20000.0,10000.0,100.0
Giri Nagar,20000.0,,20000.0,2BHK,2,64,20000.0,0.0,0.0,False,19529.728398984767,97.6,✅ Fair Price,20000.0,10000.0,97.6
Giri Nagar,30000.0,,30000.0,3BHK,3,64,30000.0,0.0,1.0,False,27925.941159348484,87.6,✅ Fair Price,20000.0,10000.0,87.6
Kada Agrahara,8800.0,11000.0,9900.0,1BHK,1,101,9900.0,0.0,-1.07371697115824,False,10580.257909050828,100.0,✅ Fair Price,16466.666666666668,6115.8264636378735,100.0
Kada Agrahara,22000.0,,22000.0,2BHK,2,101,22000.0,0.0,0.9047564325495826,False,18976.470669414546,79.5,⚠️ Slightly High,16466.666666666668,6115.8264636378735,79.5
Kada Agrahara,17000.0,18000.0,17500.0,3BHK,3,101,17500.0,0.0,0.16896053860865684,False,27372.683429778263,99.2,✅ Fair Price,16466.666666666668,6115.8264636378735,99.2
Neelasandra,7500.0,,7500.0,1BHK,1,159,7500.0,0.0,-0.9378934722869391,False,9712.989035670482,100.0,✅ Fair Price,14333.333333333334,7285.830998131464,100.0
Neelasandra,13000.0,14000.0,13500.0,2BHK,2,159,13500.0,0.0,-0.11437725271791947,False,18109.2017960342,100.0,✅ Fair Price,14333.333333333334,7285.830998131464,100.0
Neelasandra,22000.0,,22000.0,3BHK,3,159,22000.0,0.0,1.0522707250048582,True,26505.41455639792,94.7,✅ Fair Price,14333.333333333334,7285.830998131464,94.7
Seshadripuram,14000.0,,14000.0,1BHK,1,187,14000.0,0.0,-0.8063181322585283,False,9294.307510590314,49.4,🔶 Overpriced,25433.333333333332,14179.680297289264,49.4
Seshadripuram,14000.0,35000.0,21000.0,2BHK,2,187,21000.0,0.0,-0.312653969651266,False,17690.52027095403,81.3,✅ Fair Price,25433.333333333332,14179.680297289264,81.3
Seshadripuram,15000.0,55000.0,41300.0,3BHK,3,187,41300.0,0.0,1.1189721019097945,True,26086.73303131775,36.1,🚨 Significantly Overpriced,25433.333333333332,14179.680297289264,36.1
Chandra Layout Extension,8700.0,,8700.0,1BHK,1,37,8700.0,0.0,-0.9295370276235366,False,11537.244252091212,100.0,✅ Fair Price,18505.556666666667,10548.860750319596,100.0
Chandra Layout Extension,15800.0,18500.0,17150.0,2BHK,2,37,17150.0,0.0,-0.12850266002663827,False,19933.45701245493,100.0,✅ Fair Price,18505.556666666667,10548.860750319596,100.0
Chandra Layout Extension,15000.0,42000.0,29666.67,3BHK,3,37,29666.67,0.0,1.0580396876501745,True,28329.66977281865,90.0,✅ Fair Price,18505.556666666667,10548.860750319596,90.0
Murugesh Palya,7000.0,8000.0,7500.0,1BHK,1,149,7500.0,0.0,-0.8370197856697554,False,9862.51815177054,100.0,✅ Fair Price,20055.556666666667,15000.310484441092,100.0
Murugesh Palya,16000.0,,16000.0,2BHK,2,149,16000.0,0.0,-0.2703648481725261,False,18258.73091213426,100.0,✅ Fair Price,20055.556666666667,15000.310484441092,100.0
Murugesh Palya,28000.0,50000.0,36666.67,3BHK,3,149,36666.67,0.0,1.1073846338422813,True,26654.943672497975,56.9,🔶 Overpriced,20055.556666666667,15000.310484441092,56.9
Padmanabha Nagar,6500.0,,6500.0,1BHK,1,161,6500.0,0.0,-1.1547005383792515,False,9683.083212450469,100.0,✅ Fair Price,15500.0,7794.228634059948,100.0
Padmanabha Nagar,20000.0,,20000.0,2BHK,2,161,20000.0,0.0,0.5773502691896257,False,18079.295972814187,86.5,✅ Fair Price,15500.0,7794.228634059948,86.5
Padmanabha Nagar,20000.0,,20000.0,3BHK,3,161,20000.0,0.0,0.5773502691896257,False,26475.508733177907,97.1,✅ Fair Price,15500.0,7794.228634059948,97.1
Mullur,7500.0,8500.0,8000.0,1BHK,1,147,8000.0,0.0,-0.8251201607444211,False,9892.423974990554,100.0,✅ Fair Price,13111.11,6194.3826404493275,100.0
Mullur,10000.0,13000.0,11333.33,2BHK,2,147,11333.33,0.0,-0.28699873791959424,False,18288.636735354274,100.0,✅ Fair Price,13111.11,6194.3826404493275,100.0
Mullur,20000.0,,20000.0,3BHK,3,147,20000.0,0.0,1.112118898664015,True,26684.849495717986,94.4,✅ Fair Price,13111.11,6194.3826404493275,94.4
Srirampuram,9000.0,,9000.0,1BHK,1,193,9000.0,0.0,-0.8867963503478639,False,9204.590040930278,100.0,✅ Fair Price,18000.0,10148.891565092219,100.0
Srirampuram,11000.0,21000.0,16000.0,2BHK,2,193,16000.0,0.0,-0.19706585563285864,False,17600.802801293998,100.0,✅ Fair Price,18000.0,10148.891565092219,100.0
Srirampuram,29000.0,,29000.0,3BHK,3,193,29000.0,0.0,1.0838622059807226,True,25997.015561657718,83.0,✅ Fair Price,18000.0,10148.891565092219,83.0
Dwarka Nagar,3500.0,7500.0,5500.0,1BHK,1,56,5500.0,0.0,-0.949157995752499,False,11253.138931501097,100.0,✅ Fair Price,10500.0,5267.826876426369,100.0
Dwarka Nagar,10000.0,,10000.0,2BHK,2,56,10000.0,0.0,-0.0949157995752499,False,19649.351691864817,100.0,✅ Fair Price,10500.0,5267.826876426369,100.0
Dwarka Nagar,16000.0,,16000.0,3BHK,3,56,16000.0,0.0,1.0440737953277488,True,28045.564452228537,94.8,✅ Fair Price,10500.0,5267.826876426369,94.8
Hanumanthanagar Bangalore,9000.0,11000.0,10000.0,1BHK,1,70,10000.0,0.0,-1.0,False,11043.798168961013,100.0,✅ Fair Price,20000.0,10000.0,100.0
Hanumanthanagar Bangalore,20000.0,,20000.0,2BHK,2,70,20000.0,0.0,0.0,False,19440.01092932473,97.1,✅ Fair Price,20000.0,10000.0,97.1
Hanumanthanagar Bangalore,30000.0,,30000.0,3BHK,3,70,30000.0,0.0,1.0,False,27836.22368968845,87.2,✅ Fair Price,20000.0,10000.0,87.2
Jalahalli West,5750.0,7500.0,6562.5,1BHK,1,93,6562.5,0.0,-0.9329543706664493,False,10699.881201930875,100.0,✅ Fair Price,10520.833333333334,4242.794136336729,100.0
Jalahalli West,8000.0,12000.0,10000.0,2BHK,2,93,10000.0,0.0,-0.12275715403505923,False,19096.093962294595,100.0,✅ Fair Price,10520.833333333334,4242.794136336729,100.0
Jalahalli West,15000.0,,15000.0,3BHK,3,93,15000.0,0.0,1.055711524701508,True,27492.306722658315,94.7,✅ Fair Price,10520.833333333334,4242.794136336729,94.7
GB Palya,4500.0,8500.0,7100.0,1BHK,1,62,7100.0,0.0,-1.1040341784859689,False,11163.421461841062,100.0,✅ Fair Price,11575.0,4053.316543276629,100.0
GB Palya,10500.0,17000.0,12625.0,2BHK,2,62,12625.0,0.0,0.259047125678272,False,19559.634222204782,98.7,✅ Fair Price,11575.0,4053.316543276629,98.7
GB Palya,15000.0,,15000.0,3BHK,3,62,15000.0,0.0,0.8449870528076968,False,27955.846982568495,95.8,✅ Fair Price,11575.0,4053.316543276629,95.8
Kambipura,3000.0,,3000.0,1BHK,1,109,3000.0,0.0,-1.0552428093577029,False,10460.63461617078,100.0,✅ Fair Price,13760.0,10196.705350258975,100.0
Kambipura,15000.0,,15000.0,2BHK,2,109,15000.0,0.0,0.12160790739809958,False,18856.847376534497,99.4,✅ Fair Price,13760.0,10196.705350258975,99.4
Kambipura,15000.0,33500.0,23280.0,3BHK,3,109,23280.0,0.0,0.9336349019596032,False,27253.060136898217,95.3,✅ Fair Price,13760.0,10196.705350258975,95.3
Gnana bharathi,5500.0,,5500.0,1BHK,1,65,5500.0,0.0,-0.8251204038343015,False,11118.562727011044,100.0,✅ Fair Price,9333.333333333334,4645.786621588785,100.0
Gnana bharathi,14000.0,15000.0,14500.0,2BHK,2,65,14500.0,0.0,1.1121188051679713,True,19514.77548737476,94.4,✅ Fair Price,9333.333333333334,4645.786621588785,94.4
Gnana bharathi,8000.0,,8000.0,3BHK,3,65,8000.0,0.0,-0.28699840133367016,False,27910.98824773848,100.0,✅ Fair Price,9333.333333333334,4645.786621588785,100.0
Laggere,5000.0,5500.0,5166.67,1BHK,1,135,5166.67,0.0,-0.6808143566226397,False,10071.858914310626,100.0,✅ Fair Price,17388.89,17952.353502989517,100.0
Laggere,7500.0,11000.0,9000.0,2BHK,2,135,9000.0,0.0,-0.4672863643534559,False,18468.071674674342,100.0,✅ Fair Price,17388.89,17952.353502989517,100.0
Laggere,38000.0,,38000.0,3BHK,3,135,38000.0,0.0,1.1481007209760956,True,26864.284435038062,52.8,🔶 Overpriced,17388.89,17952.353502989517,52.8
Sampangiram Nagar,16000.0,,16000.0,1BHK,1,179,16000.0,0.0,-0.7007777905144935,False,9413.93080347036,30.0,🚨 Significantly Overpriced,25111.11,13001.425164046439,30.0
Sampangiram Nagar,18000.0,20000.0,19333.33,2BHK,2,179,19333.33,0.0,-0.4443958971496151,False,17810.143563834077,91.4,✅ Fair Price,25111.11,13001.425164046439,91.4
Sampangiram Nagar,40000.0,,40000.0,3BHK,3,179,40000.0,0.0,1.1451736876641088,True,26206.356324197797,41.6,🔶 Overpriced,25111.11,13001.425164046439,41.6
Yemalur,9000.0,12500.0,10750.0,1BHK,1,213,10750.0,0.0,-0.9095055493553382,False,8905.531808730158,79.3,⚠️ Slightly High,15916.666666666666,5680.7423223847545,79.3
Yemalur,15000.0,,15000.0,2BHK,2,213,15000.0,0.0,-0.16136388778885025,False,17301.744569093877,100.0,✅ Fair Price,15916.666666666666,5680.7423223847545,100.0
Yemalur,22000.0,,22000.0,3BHK,3,213,22000.0,0.0,1.0708694371441887,True,25697.957329457597,94.6,✅ Fair Price,15916.666666666666,5680.7423223847545,94.6
Panduranga Nagar,9000.0,13000.0,11333.33,1BHK,1,164,11333.33,0.0,-0.8285405622600659,False,9638.224477620452,82.4,✅ Fair Price,21444.443333333333,12203.522427136902,82.4
Panduranga Nagar,18000.0,,18000.0,2BHK,2,164,18000.0,0.0,-0.2822499285676686,False,18034.43723798417,100.0,✅ Fair Price,21444.443333333333,12203.522427136902,100.0
Panduranga Nagar,35000.0,,35000.0,3BHK,3,164,35000.0,0.0,1.1107904908277346,True,26430.649998347886,62.0,⚠️ Slightly High,21444.443333333333,12203.522427136902,62.0
Sudhama Nagar,12000.0,,12000.0,1BHK,1,195,12000.0,0.0,-1.148753543279126,False,9174.684217710266,69.2,⚠️ Slightly High,23333.333333333332,9865.765724632494,69.2
Sudhama Nagar,28000.0,,28000.0,2BHK,2,195,28000.0,0.0,0.4730161648796403,False,17570.896978073986,38.3,🚨 Significantly Overpriced,23333.333333333332,9865.765724632494,38.3
Sudhama Nagar,30000.0,,30000.0,3BHK,3,195,30000.0,0.0,0.6757373783994861,False,25967.1097384377,81.1,✅ Fair Price,23333.333333333332,9865.765724632494,81.1
Banashankari Stage 2nd,8500.0,,8500.0,1BHK,1,14,8500.0,0.0,-1.0776318121606494,False,11881.16121912135,100.0,✅ Fair Price,23500.0,13919.410907075055,100.0
Banashankari Stage 2nd,26000.0,,26000.0,2BHK,2,14,26000.0,0.0,0.1796053020267749,False,20277.37397948507,70.9,⚠️ Slightly High,23500.0,13919.410907075055,70.9
Banashankari Stage 2nd,30000.0,42000.0,36000.0,3BHK,3,14,36000.0,0.0,0.8980265101338745,False,28673.586739848783,70.0,⚠️ Slightly High,23500.0,13919.410907075055,70.0
Dasarahalli,6000.0,11400.0,8466.67,1BHK,1,44,8466.67,0.0,-1.1547005383792512,False,11432.573870821168,100.0,✅ Fair Price,12822.223333333333,3772.0198342046583,100.0
Dasarahalli,13000.0,17000.0,15000.0,2BHK,2,44,15000.0,0.0,0.5773502691896256,False,19828.78663118489,97.1,✅ Fair Price,12822.223333333333,3772.0198342046583,97.1
Dasarahalli,15000.0,,15000.0,3BHK,3,44,15000.0,0.0,0.5773502691896256,False,28224.999391548605,97.1,✅ Fair Price,12822.223333333333,3772.0198342046583,97.1
Varanasi,9500.0,,9500.0,1BHK,1,203,9500.0,0.0,-0.9585756112322555,False,9055.060924830217,95.1,✅ Fair Price,13583.333333333334,4259.792639710686,95.1
Varanasi,12500.0,14000.0,13250.0,2BHK,2,203,13250.0,0.0,-0.07825107030467406,False,17451.273685193933,100.0,✅ Fair Price,13583.333333333334,4259.792639710686,100.0
Varanasi,18000.0,,18000.0,3BHK,3,203,18000.0,0.0,1.0368266815369291,True,25847.486445557653,94.8,✅ Fair Price,13583.333333333334,4259.792639710686,94.8
HAL,6000.0,13000.0,9875.0,1BHK,1,67,9875.0,0.0,-1.1536961596403008,False,11088.656903791032,100.0,✅ Fair Price,16791.666666666668,5995.223793432012,100.0
HAL,17000.0,25000.0,20500.0,2BHK,2,67,20500.0,0.0,0.6185479410119682,False,19484.86966415475,91.7,✅ Fair Price,16791.666666666668,5995.223793432012,91.7
HAL,20000.0,,20000.0,3BHK,3,67,20000.0,0.0,0.535148218628332,False,27881.08242451847,97.3,✅ Fair Price,16791.666666666668,5995.223793432012,97.3
Srinagar,8000.0,95000.0,17272.73,1BHK,1,192,17272.73,0.0,-0.02232339668587482,False,9219.542952540283,12.7,🚨 Significantly Overpriced,17331.649999999998,2639.383281545143,12.7
Srinagar,12000.0,17000.0,14722.22,2BHK,2,192,14722.22,0.0,-0.9886514089277669,False,17615.755712904,100.0,✅ Fair Price,17331.649999999998,2639.383281545143,100.0
Srinagar,20000.0,,20000.0,3BHK,3,192,20000.0,0.0,1.0109748056136438,True,26011.96847326772,94.9,✅ Fair Price,17331.649999999998,2639.383281545143,94.9
Dasanapura,4000.0,,4000.0,1BHK,1,43,4000.0,0.0,-0.8551861104941366,False,11447.526782431176,100.0,✅ Fair Price,11000.0,8185.35277187245,100.0
Dasanapura,9000.0,,9000.0,2BHK,2,43,9000.0,0.0,-0.24433888871261045,False,19843.739542794894,100.0,✅ Fair Price,11000.0,8185.35277187245,100.0
Dasanapura,20000.0,,20000.0,3BHK,3,43,20000.0,0.0,1.099524999206747,True,28239.952303158614,94.5,✅ Fair Price,11000.0,8185.35277187245,94.5
Sampigehalli,7500.0,,7500.0,1BHK,1,180,7500.0,0.0,-0.6462805408436613,False,9398.977891860355,100.0,✅ Fair Price,28166.666666666668,31977.856922147446,100.0
Sampigehalli,12000.0,,12000.0,2BHK,2,180,12000.0,0.0,-0.5055581650147996,False,17795.190652224075,100.0,✅ Fair Price,28166.666666666668,31977.856922147446,100.0
Sampigehalli,65000.0,,65000.0,3BHK,3,180,65000.0,0.0,1.1518387058584605,True,26191.403412587795,-53.9,🚨 Significantly Overpriced,28166.666666666668,31977.856922147446,0.0
Somasundara Palya,6000.0,10000.0,7500.0,1BHK,1,191,7500.0,0.0,-0.9169715066317676,False,9234.495864150289,100.0,✅ Fair Price,14666.666666666666,7815.582725128903,100.0
Somasundara Palya,13500.0,,13500.0,2BHK,2,191,13500.0,0.0,-0.14927443131214815,False,17630.70862451401,100.0,✅ Fair Price,14666.666666666666,7815.582725128903,100.0
Somasundara Palya,23000.0,,23000.0,3BHK,3,191,23000.0,0.0,1.066245937943916,True,26026.92138487773,94.7,✅ Fair Price,14666.666666666666,7815.582725128903,94.7
Indiranagar,10000.0,15000.0,12166.67,1BHK,1,82,12166.67,0.0,-0.7922053441679787,False,10864.363229640941,88.0,✅ Fair Price,39388.89,34362.580611710466,88.0
Indiranagar,22000.0,34000.0,28000.0,2BHK,2,82,28000.0,0.0,-0.33143290746093634,False,19260.57599000466,54.6,🔶 Overpriced,39388.89,34362.580611710466,54.6
Indiranagar,30000.0,,78000.0,3BHK,3,82,78000.0,0.0,1.123638251628915,True,27656.78875036838,-87.6,🚨 Significantly Overpriced,39388.89,34362.580611710466,0.0
Mailasandra,7000.0,,7000.0,1BHK,1,138,7000.0,0.0,-0.8667536937096144,False,10027.000179480607,100.0,✅ Fair Price,13777.776666666667,7819.726314241013,100.0
Mailasandra,10000.0,14000.0,12000.0,2BHK,2,138,12000.0,0.0,-0.22734512631587142,False,18423.212939844325,100.0,✅ Fair Price,13777.776666666667,7819.726314241013,100.0
Mailasandra,16000.0,26000.0,22333.33,3BHK,3,138,22333.33,0.0,1.094098820025486,True,26819.42570020804,94.5,✅ Fair Price,13777.776666666667,7819.726314241013,94.5
Nagasandra,6000.0,,6000.0,1BHK,1,153,6000.0,0.0,-0.6816212031674664,False,9802.706505330516,100.0,✅ Fair Price,18666.666666666668,18583.14648635514,100.0
Nagasandra,10000.0,,10000.0,2BHK,2,153,10000.0,0.0,-0.46637240216721393,False,18198.919265694232,100.0,✅ Fair Price,18666.666666666668,18583.14648635514,100.0
Nagasandra,40000.0,,40000.0,3BHK,3,153,40000.0,0.0,1.1479936053346802,True,26595.132026057952,43.9,🔶 Overpriced,18666.666666666668,18583.14648635514,43.9
Kadugondanahalli,7000.0,,7000.0,1BHK,1,105,7000.0,0.0,-0.731654740424559,False,10520.446262610803,100.0,✅ Fair Price,12083.333333333334,6947.721449031569,100.0
Kadugondanahalli,3000.0,14000.0,9250.0,2BHK,2,105,9250.0,0.0,-0.4078075602366395,False,18916.659022974523,100.0,✅ Fair Price,12083.333333333334,6947.721449031569,100.0
Kadugondanahalli,20000.0,,20000.0,3BHK,3,105,20000.0,0.0,1.1394623006611984,True,27312.87178333824,94.3,✅ Fair Price,12083.333333333334,6947.721449031569,94.3
